date,equity_close,gold_close
2007-01-03,1416.5999755859375,62.279998779296875
2007-01-04,1418.3399658203125,61.650001525878906
2007-01-05,1409.7099609375,60.16999816894531
2007-01-08,1412.8399658203125,60.47999954223633
2007-01-09,1412.1099853515625,60.849998474121094
2007-01-10,1414.8499755859375,60.59000015258789
2007-01-11,1423.8199462890625,60.630001068115234
2007-01-12,1430.72998046875,62.16999816894531
2007-01-16,1431.9000244140625,61.970001220703125
2007-01-17,1430.6199951171875,62.63999938964844
2007-01-18,1426.3699951171875,62.2599983215332
2007-01-19,1430.5,63.0
2007-01-22,1422.949951171875,62.720001220703125
2007-01-23,1427.989990234375,64.2300033569336
2007-01-24,1440.1300048828125,64.33000183105469
2007-01-25,1423.9000244140625,64.05999755859375
2007-01-26,1422.1800537109375,64.16999816894531
2007-01-29,1420.6199951171875,63.77000045776367
2007-01-30,1428.8199462890625,64.22000122070312
2007-01-31,1438.239990234375,64.83000183105469
2007-02-01,1445.93994140625,65.22000122070312
2007-02-02,1448.3900146484375,64.27999877929688
2007-02-05,1446.989990234375,64.30999755859375
2007-02-06,1448.0,64.79000091552734
2007-02-07,1450.02001953125,64.62999725341797
2007-02-08,1448.31005859375,65.5199966430664
2007-02-09,1438.06005859375,66.12000274658203
2007-02-12,1433.3699951171875,65.66999816894531
2007-02-13,1444.260009765625,65.83999633789062
2007-02-14,1455.300048828125,66.37000274658203
2007-02-15,1456.81005859375,66.41000366210938
2007-02-16,1455.5400390625,66.36000061035156
2007-02-20,1459.6800537109375,65.30999755859375
2007-02-21,1457.6300048828125,67.3499984741211
2007-02-22,1456.3800048828125,67.1500015258789
2007-02-23,1451.18994140625,67.72000122070312
2007-02-26,1449.3699951171875,68.0999984741211
2007-02-27,1399.0400390625,65.41000366210938
2007-02-28,1406.8199462890625,66.4800033569336
2007-03-01,1403.1700439453125,65.81999969482422
2007-03-02,1387.1700439453125,63.709999084472656
2007-03-05,1374.1199951171875,62.93000030517578
2007-03-06,1395.4100341796875,64.1500015258789
2007-03-07,1391.969970703125,64.30000305175781
2007-03-08,1401.8900146484375,64.4800033569336
2007-03-09,1402.8399658203125,64.25
2007-03-12,1406.5999755859375,64.37000274658203
2007-03-13,1377.949951171875,63.720001220703125
2007-03-14,1387.1700439453125,63.939998626708984
2007-03-15,1392.280029296875,63.97999954223633
2007-03-16,1386.949951171875,64.62000274658203
2007-03-19,1402.06005859375,64.73999786376953
2007-03-20,1410.93994140625,65.2699966430664
2007-03-21,1435.0400390625,65.81999969482422
2007-03-22,1434.5400390625,65.76000213623047
2007-03-23,1436.1099853515625,65.1500015258789
2007-03-26,1437.5,65.83999633789062
2007-03-27,1428.6099853515625,65.69999694824219
2007-03-28,1417.22998046875,66.05000305175781
2007-03-29,1422.530029296875,65.6500015258789
2007-03-30,1420.8599853515625,65.73999786376953
2007-04-02,1424.550048828125,65.8499984741211
2007-04-03,1437.77001953125,65.83000183105469
2007-04-04,1439.3699951171875,66.80999755859375
2007-04-05,1443.760009765625,66.86000061035156
2007-04-09,1444.6099853515625,66.52999877929688
2007-04-10,1448.3900146484375,67.16000366210938
2007-04-11,1438.8699951171875,67.08000183105469
2007-04-12,1447.800048828125,66.98999786376953
2007-04-13,1452.8499755859375,67.83999633789062
2007-04-16,1468.3299560546875,68.4000015258789
2007-04-17,1471.47998046875,68.0
2007-04-18,1472.5,68.37999725341797
2007-04-19,1470.72998046875,67.52999877929688
2007-04-20,1484.3499755859375,68.69999694824219
2007-04-23,1480.9300537109375,68.26000213623047
2007-04-24,1480.4100341796875,67.7300033569336
2007-04-25,1495.4200439453125,67.88999938964844
2007-04-26,1494.25,66.87000274658203
2007-04-27,1494.0699462890625,67.55999755859375
2007-04-30,1482.3699951171875,67.08999633789062
2007-05-01,1486.300048828125,66.69000244140625
2007-05-02,1495.9200439453125,66.66000366210938
2007-05-03,1502.3900146484375,67.48999786376953
2007-05-04,1505.6199951171875,68.19000244140625
2007-05-07,1509.47998046875,68.25
2007-05-08,1507.719970703125,67.87999725341797
2007-05-09,1512.5799560546875,67.44999694824219
2007-05-10,1491.469970703125,66.0
2007-05-11,1505.8499755859375,66.44999694824219
2007-05-14,1503.1500244140625,66.27999877929688
2007-05-15,1501.18994140625,66.54000091552734
2007-05-16,1514.1400146484375,65.5999984741211
2007-05-17,1512.75,65.05999755859375
2007-05-18,1522.75,65.5199966430664
2007-05-21,1525.0999755859375,65.66999816894531
2007-05-22,1524.1199951171875,65.19999694824219
2007-05-23,1522.280029296875,65.54000091552734
2007-05-24,1507.510009765625,64.75
2007-05-25,1515.72998046875,64.94000244140625
2007-05-29,1518.1099853515625,65.06999969482422
2007-05-30,1530.22998046875,64.72000122070312
2007-05-31,1530.6199951171875,65.54000091552734
2007-06-01,1536.3399658203125,66.44000244140625
2007-06-04,1539.1800537109375,66.54000091552734
2007-06-05,1530.949951171875,66.37000274658203
2007-06-06,1517.3800048828125,66.41000366210938
2007-06-07,1490.719970703125,65.26000213623047
2007-06-08,1507.6700439453125,64.22000122070312
2007-06-11,1509.1199951171875,64.69999694824219
2007-06-12,1493.0,64.0999984741211
2007-06-13,1515.6700439453125,64.52999877929688
2007-06-14,1522.969970703125,64.5999984741211
2007-06-15,1532.9100341796875,64.8499984741211
2007-06-18,1531.050048828125,64.94999694824219
2007-06-19,1533.699951171875,65.4800033569336
2007-06-20,1512.8399658203125,64.70999908447266
2007-06-21,1522.18994140625,64.55999755859375
2007-06-22,1502.56005859375,64.77999877929688
2007-06-25,1497.739990234375,64.43000030517578
2007-06-26,1492.8900146484375,63.619998931884766
2007-06-27,1506.3399658203125,63.66999816894531
2007-06-28,1505.7099609375,64.26000213623047
2007-06-29,1503.3499755859375,64.2699966430664
2007-07-02,1519.4300537109375,65.0199966430664
2007-07-03,1524.8699951171875,64.73999786376953
2007-07-05,1525.4000244140625,64.41999816894531
2007-07-06,1530.43994140625,64.95999908447266
2007-07-09,1531.8499755859375,65.37999725341797
2007-07-10,1510.1199951171875,65.61000061035156
2007-07-11,1518.760009765625,65.44000244140625
2007-07-12,1547.699951171875,66.0199966430664
2007-07-13,1552.5,66.02999877929688
2007-07-16,1549.52001953125,65.81999969482422
2007-07-17,1549.3699951171875,65.75
2007-07-18,1546.1700439453125,66.62000274658203
2007-07-19,1553.0799560546875,67.01000213623047
2007-07-20,1534.0999755859375,67.58000183105469
2007-07-23,1541.5699462890625,67.47000122070312
2007-07-24,1511.0400390625,67.47000122070312
2007-07-25,1518.0899658203125,66.9000015258789
2007-07-26,1482.6600341796875,65.6500015258789
2007-07-27,1458.949951171875,65.41000366210938
2007-07-30,1473.9100341796875,65.7699966430664
2007-07-31,1455.27001953125,65.79000091552734
2007-08-01,1465.81005859375,65.93000030517578
2007-08-02,1472.199951171875,65.88999938964844
2007-08-03,1433.06005859375,66.69000244140625
2007-08-06,1467.6700439453125,66.5199966430664
2007-08-07,1476.7099609375,66.4800033569336
2007-08-08,1497.489990234375,66.7699966430664
2007-08-09,1453.0899658203125,65.45999908447266
2007-08-10,1453.6400146484375,66.56999969482422
2007-08-13,1452.9200439453125,66.26000213623047
2007-08-14,1426.5400390625,66.29000091552734
2007-08-15,1406.699951171875,66.12999725341797
2007-08-16,1411.27001953125,64.68000030517578
2007-08-17,1445.93994140625,65.01000213623047
2007-08-20,1445.550048828125,65.12000274658203
2007-08-21,1447.1199951171875,65.06999969482422
2007-08-22,1464.0699462890625,65.4000015258789
2007-08-23,1462.5,65.30999755859375
2007-08-24,1479.3699951171875,66.11000061035156
2007-08-27,1466.7900390625,65.9800033569336
2007-08-28,1432.3599853515625,65.58999633789062
2007-08-29,1463.760009765625,66.06999969482422
2007-08-30,1457.6400146484375,65.80000305175781
2007-08-31,1473.989990234375,66.5199966430664
2007-09-04,1489.4200439453125,67.44000244140625
2007-09-05,1472.2900390625,67.55999755859375
2007-09-06,1478.550048828125,68.86000061035156
2007-09-07,1453.550048828125,69.38999938964844
2007-09-10,1451.699951171875,69.62000274658203
2007-09-11,1471.489990234375,70.5199966430664
2007-09-12,1471.56005859375,70.45999908447266
2007-09-13,1483.949951171875,70.08000183105469
2007-09-14,1484.25,69.98999786376953
2007-09-17,1476.6500244140625,70.97000122070312
2007-09-18,1519.780029296875,71.69999694824219
2007-09-19,1529.030029296875,71.43000030517578
2007-09-20,1518.75,72.72000122070312
2007-09-21,1525.75,72.33999633789062
2007-09-24,1517.72998046875,72.27999877929688
2007-09-25,1517.2099609375,72.33000183105469
2007-09-26,1525.4200439453125,72.0
2007-09-27,1531.3800048828125,72.69999694824219
2007-09-28,1526.75,73.51000213623047
2007-10-01,1547.0400390625,73.9000015258789
2007-10-02,1546.6300048828125,72.3499984741211
2007-10-03,1539.5899658203125,71.9000015258789
2007-10-04,1542.8399658203125,72.87000274658203
2007-10-05,1557.5899658203125,73.4000015258789
2007-10-08,1552.5799560546875,72.52999877929688
2007-10-09,1565.1500244140625,73.08999633789062
2007-10-10,1562.469970703125,73.36000061035156
2007-10-11,1554.4100341796875,73.91000366210938
2007-10-12,1561.800048828125,74.58999633789062
2007-10-15,1548.7099609375,75.13999938964844
2007-10-16,1538.530029296875,75.12000274658203
2007-10-17,1541.239990234375,74.5
2007-10-18,1540.0799560546875,76.0
2007-10-19,1500.6300048828125,75.69999694824219
2007-10-22,1506.3299560546875,74.5999984741211
2007-10-23,1519.5899658203125,75.2300033569336
2007-10-24,1515.8800048828125,75.5199966430664
2007-10-25,1514.4000244140625,76.02999877929688
2007-10-26,1535.280029296875,77.69000244140625
2007-10-29,1540.97998046875,78.12000274658203
2007-10-30,1531.02001953125,77.3499984741211
2007-10-31,1549.3800048828125,78.62000274658203
2007-11-01,1508.43994140625,77.93000030517578
2007-11-02,1509.6500244140625,79.83000183105469
2007-11-05,1502.1700439453125,79.75
2007-11-06,1520.27001953125,81.43000030517578
2007-11-07,1475.6199951171875,82.23999786376953
2007-11-08,1474.77001953125,82.2300033569336
2007-11-09,1453.699951171875,82.18000030517578
2007-11-12,1439.1800537109375,78.30000305175781
2007-11-13,1481.050048828125,79.12000274658203
2007-11-14,1470.5799560546875,80.27999877929688
2007-11-15,1451.1500244140625,77.94999694824219
2007-11-16,1458.739990234375,77.75
2007-11-19,1433.27001953125,77.23999786376953
2007-11-20,1439.699951171875,79.47000122070312
2007-11-21,1416.77001953125,79.36000061035156
2007-11-23,1440.699951171875,81.25
2007-11-26,1407.219970703125,81.30000305175781
2007-11-27,1428.22998046875,80.0999984741211
2007-11-28,1469.02001953125,79.56999969482422
2007-11-29,1469.719970703125,78.27999877929688
2007-11-30,1481.1400146484375,77.31999969482422
2007-12-03,1472.4200439453125,78.27999877929688
2007-12-04,1462.7900390625,79.4000015258789
2007-12-05,1485.010009765625,78.62999725341797
2007-12-06,1507.3399658203125,79.37000274658203
2007-12-07,1504.6600341796875,78.5999984741211
2007-12-10,1515.9599609375,80.0
2007-12-11,1477.6500244140625,78.83999633789062
2007-12-12,1486.5899658203125,80.48999786376953
2007-12-13,1488.4100341796875,78.5
2007-12-14,1467.949951171875,78.5199966430664
2007-12-17,1445.9000244140625,78.12999725341797
2007-12-18,1454.97998046875,79.25
2007-12-19,1453.0,79.23999786376953
2007-12-20,1460.1199951171875,78.66999816894531
2007-12-21,1484.4599609375,80.0999984741211
2007-12-24,1496.449951171875,80.13999938964844
2007-12-26,1497.6600341796875,81.5199966430664
2007-12-27,1476.27001953125,81.55999755859375
2007-12-28,1478.489990234375,83.0
2007-12-31,1468.3599853515625,82.45999908447266
2008-01-02,1447.1600341796875,84.86000061035156
2008-01-03,1447.1600341796875,85.56999969482422
2008-01-04,1411.6300048828125,85.12999725341797
2008-01-07,1416.1800537109375,84.7699966430664
2008-01-08,1390.18994140625,86.77999877929688
2008-01-09,1409.1300048828125,86.55000305175781
2008-01-10,1420.3299560546875,88.25
2008-01-11,1401.02001953125,88.58000183105469
2008-01-14,1416.25,89.54000091552734
2008-01-15,1380.949951171875,87.98999786376953
2008-01-16,1373.199951171875,86.69999694824219
2008-01-17,1333.25,86.5
2008-01-18,1325.18994140625,87.41999816894531
2008-01-22,1310.5,88.16999816894531
2008-01-23,1338.5999755859375,87.88999938964844
2008-01-24,1352.0699462890625,90.08000183105469
2008-01-25,1330.6099853515625,90.30000305175781
2008-01-28,1353.9599609375,91.75
2008-01-29,1362.300048828125,91.1500015258789
2008-01-30,1355.81005859375,92.05999755859375
2008-01-31,1378.550048828125,91.4000015258789
2008-02-01,1395.4200439453125,89.3499984741211
2008-02-04,1380.8199462890625,89.0999984741211
2008-02-05,1336.6400146484375,87.68000030517578
2008-02-06,1326.449951171875,88.94999694824219
2008-02-07,1336.9100341796875,89.8499984741211
2008-02-08,1331.2900390625,91.0
2008-02-11,1339.1300048828125,91.33000183105469
2008-02-12,1348.8599853515625,89.33000183105469
2008-02-13,1367.2099609375,89.44000244140625
2008-02-14,1348.8599853515625,89.70999908447266
2008-02-15,1349.989990234375,89.1500015258789
2008-02-19,1348.780029296875,91.58000183105469
2008-02-20,1360.030029296875,93.23999786376953
2008-02-21,1342.530029296875,93.25
2008-02-22,1353.1099853515625,93.38999938964844
2008-02-25,1371.800048828125,92.73999786376953
2008-02-26,1381.2900390625,93.70999908447266
2008-02-27,1380.02001953125,94.77999877929688
2008-02-28,1367.6800537109375,95.98999786376953
2008-02-29,1330.6300048828125,96.18000030517578
2008-03-03,1331.3399658203125,97.23999786376953
2008-03-04,1326.75,95.18000030517578
2008-03-05,1333.699951171875,97.72000122070312
2008-03-06,1304.3399658203125,96.5
2008-03-07,1293.3699951171875,96.08999633789062
2008-03-10,1273.3699951171875,95.87000274658203
2008-03-11,1320.6500244140625,95.98999786376953
2008-03-12,1308.77001953125,97.01000213623047
2008-03-13,1315.47998046875,98.33999633789062
2008-03-14,1288.1400146484375,98.70999908447266
2008-03-17,1276.5999755859375,99.16999816894531
2008-03-18,1330.739990234375,96.5
2008-03-19,1298.4200439453125,93.04000091552734
2008-03-20,1329.510009765625,89.91000366210938
2008-03-24,1349.8800048828125,90.0999984741211
2008-03-25,1352.989990234375,92.7300033569336
2008-03-26,1341.1300048828125,93.80000305175781
2008-03-27,1325.760009765625,93.45999908447266
2008-03-28,1315.219970703125,91.87999725341797
2008-03-31,1322.699951171875,90.41000366210938
2008-04-01,1370.1800537109375,86.86000061035156
2008-04-02,1367.530029296875,89.2699966430664
2008-04-03,1369.31005859375,89.41999816894531
2008-04-04,1370.4000244140625,90.25
2008-04-07,1372.5400390625,91.16999816894531
2008-04-08,1365.5400390625,90.3499984741211
2008-04-09,1354.489990234375,92.29000091552734
2008-04-10,1360.550048828125,91.7699966430664
2008-04-11,1332.8299560546875,91.30000305175781
2008-04-14,1328.3199462890625,91.11000061035156
2008-04-15,1334.4300537109375,91.66000366210938
2008-04-16,1364.7099609375,93.2699966430664
2008-04-17,1365.56005859375,92.55999755859375
2008-04-18,1390.3299560546875,90.62000274658203
2008-04-21,1388.1700439453125,90.25
2008-04-22,1375.93994140625,90.2699966430664
2008-04-23,1379.9300537109375,89.22000122070312
2008-04-24,1388.8199462890625,87.22000122070312
2008-04-25,1397.8399658203125,87.2699966430664
2008-04-28,1396.3699951171875,87.69000244140625
2008-04-29,1390.93994140625,85.80999755859375
2008-04-30,1385.5899658203125,86.6500015258789
2008-05-01,1409.3399658203125,83.98999786376953
2008-05-02,1413.9000244140625,84.58000183105469
2008-05-05,1407.489990234375,86.2699966430664
2008-05-06,1418.260009765625,86.62999725341797
2008-05-07,1392.5699462890625,85.81999969482422
2008-05-08,1397.6800537109375,87.23999786376953
2008-05-09,1388.280029296875,87.41999816894531
2008-05-12,1403.5799560546875,86.98999786376953
2008-05-13,1403.0400390625,85.38999938964844
2008-05-14,1408.6600341796875,85.19999694824219
2008-05-15,1423.5699462890625,87.0
2008-05-16,1425.3499755859375,89.0999984741211
2008-05-19,1426.6300048828125,89.38999938964844
2008-05-20,1413.4000244140625,90.9000015258789
2008-05-21,1390.7099609375,91.95999908447266
2008-05-22,1394.3499755859375,90.9800033569336
2008-05-23,1375.9300537109375,91.2300033569336
2008-05-27,1385.3499755859375,89.36000061035156
2008-05-28,1390.8399658203125,89.13999938964844
2008-05-29,1398.260009765625,86.51000213623047
2008-05-30,1400.3800048828125,87.44999694824219
2008-06-02,1385.6700439453125,87.95999908447266
2008-06-03,1377.6500244140625,86.87999725341797
2008-06-04,1377.199951171875,86.6500015258789
2008-06-05,1404.050048828125,86.44999694824219
2008-06-06,1360.6800537109375,89.05999755859375
2008-06-09,1361.760009765625,87.98999786376953
2008-06-10,1358.43994140625,85.55000305175781
2008-06-11,1335.489990234375,87.0199966430664
2008-06-12,1339.8699951171875,85.5999984741211
2008-06-13,1360.030029296875,85.83000183105469
2008-06-16,1360.1400146484375,87.01000213623047
2008-06-17,1350.9300537109375,87.25
2008-06-18,1337.81005859375,88.27999877929688
2008-06-19,1342.8299560546875,88.41999816894531
2008-06-20,1317.9300537109375,88.94999694824219
2008-06-23,1318.0,87.08999633789062
2008-06-24,1314.2900390625,87.47000122070312
2008-06-25,1321.969970703125,87.41999816894531
2008-06-26,1283.1500244140625,90.61000061035156
2008-06-27,1278.3800048828125,91.47000122070312
2008-06-30,1280.0,91.4000015258789
2008-07-01,1284.9100341796875,92.66000366210938
2008-07-02,1261.52001953125,93.16999816894531
2008-07-03,1262.9000244140625,92.05999755859375
2008-07-07,1252.31005859375,91.2300033569336
2008-07-08,1273.699951171875,90.86000061035156
2008-07-09,1244.68994140625,91.5
2008-07-10,1253.3900146484375,93.52999877929688
2008-07-11,1239.489990234375,95.16000366210938
2008-07-14,1228.300048828125,95.91000366210938
2008-07-15,1214.9100341796875,96.16999816894531
2008-07-16,1245.3599853515625,94.44000244140625
2008-07-17,1260.3199462890625,94.22000122070312
2008-07-18,1260.6800537109375,94.16999816894531
2008-07-21,1260.0,95.12000274658203
2008-07-22,1277.0,93.05999755859375
2008-07-23,1282.18994140625,90.56999969482422
2008-07-24,1252.5400390625,91.33000183105469
2008-07-25,1257.760009765625,91.69000244140625
2008-07-28,1234.3699951171875,91.7300033569336
2008-07-29,1263.199951171875,90.58999633789062
2008-07-30,1284.260009765625,89.5199966430664
2008-07-31,1267.3800048828125,90.08000183105469
2008-08-01,1260.31005859375,89.56999969482422
2008-08-04,1249.010009765625,88.13999938964844
2008-08-05,1284.8800048828125,86.08000183105469
2008-08-06,1289.18994140625,86.63999938964844
2008-08-07,1266.0699462890625,86.08999633789062
2008-08-08,1296.3199462890625,84.43000030517578
2008-08-11,1305.3199462890625,81.12999725341797
2008-08-12,1289.5899658203125,80.5199966430664
2008-08-13,1285.8299560546875,81.55999755859375
2008-08-14,1292.9300537109375,79.3499984741211
2008-08-15,1298.199951171875,77.62999725341797
2008-08-18,1278.5999755859375,78.80000305175781
2008-08-19,1266.68994140625,80.43000030517578
2008-08-20,1274.5400390625,80.05999755859375
2008-08-21,1277.719970703125,82.30000305175781
2008-08-22,1292.199951171875,81.08000183105469
2008-08-25,1266.8399658203125,80.93000030517578
2008-08-26,1271.510009765625,81.2300033569336
2008-08-27,1281.6600341796875,81.36000061035156
2008-08-28,1300.6800537109375,82.18000030517578
2008-08-29,1282.8299560546875,81.70999908447266
2008-09-02,1277.5799560546875,79.19999694824219
2008-09-03,1274.97998046875,78.88999938964844
2008-09-04,1236.8299560546875,78.38999938964844
2008-09-05,1242.31005859375,78.9800033569336
2008-09-08,1267.7900390625,78.86000061035156
2008-09-09,1224.510009765625,76.48999786376953
2008-09-10,1232.0400390625,74.22000122070312
2008-09-11,1249.050048828125,73.08000183105469
2008-09-12,1251.699951171875,75.55000305175781
2008-09-15,1192.699951171875,77.55999755859375
2008-09-16,1213.5999755859375,76.79000091552734
2008-09-17,1156.3900146484375,85.45999908447266
2008-09-18,1206.510009765625,82.80000305175781
2008-09-19,1255.0799560546875,85.9800033569336
2008-09-22,1207.0899658203125,89.18000030517578
2008-09-23,1188.219970703125,88.31999969482422
2008-09-24,1185.8699951171875,86.70999908447266
2008-09-25,1209.1800537109375,86.44999694824219
2008-09-26,1213.27001953125,86.63999938964844
2008-09-29,1106.4200439453125,89.56999969482422
2008-09-30,1166.3599853515625,85.06999969482422
2008-10-01,1161.06005859375,85.97000122070312
2008-10-02,1114.280029296875,82.33000183105469
2008-10-03,1099.22998046875,82.58999633789062
2008-10-06,1056.8900146484375,84.27999877929688
2008-10-07,996.22998046875,87.2699966430664
2008-10-08,984.9400024414062,89.41999816894531
2008-10-09,909.9199829101562,89.9000015258789
2008-10-10,899.219970703125,83.22000122070312
2008-10-13,1003.3499755859375,81.98999786376953
2008-10-14,998.010009765625,82.19999694824219
2008-10-15,907.8400268554688,83.30999755859375
2008-10-16,946.4299926757812,79.29000091552734
2008-10-17,940.5499877929688,77.20999908447266
2008-10-20,985.4000244140625,78.5
2008-10-21,955.0499877929688,76.02999877929688
2008-10-22,896.780029296875,71.70999908447266
2008-10-23,908.1099853515625,70.6500015258789
2008-10-24,876.77001953125,72.20999908447266
2008-10-27,848.9199829101562,72.18000030517578
2008-10-28,940.510009765625,73.79000091552734
2008-10-29,930.0900268554688,74.0
2008-10-30,954.0900268554688,72.70999908447266
2008-10-31,968.75,71.33999633789062
2008-11-03,966.2999877929688,71.0999984741211
2008-11-04,1005.75,75.4800033569336
2008-11-05,952.77001953125,72.80000305175781
2008-11-06,904.8800048828125,72.22000122070312
2008-11-07,930.989990234375,72.5
2008-11-10,919.2100219726562,73.58000183105469
2008-11-11,898.9500122070312,72.05000305175781
2008-11-12,852.2999877929688,70.0
2008-11-13,911.2899780273438,72.1500015258789
2008-11-14,873.2899780273438,73.30000305175781
2008-11-17,850.75,72.6500015258789
2008-11-18,859.1199951171875,72.51000213623047
2008-11-19,806.5800170898438,72.26000213623047
2008-11-20,752.4400024414062,73.44999694824219
2008-11-21,800.030029296875,78.8499984741211
2008-11-24,851.8099975585938,80.91000366210938
2008-11-25,857.3900146484375,80.87000274658203
2008-11-26,887.6799926757812,80.37999725341797
2008-11-28,896.239990234375,80.30999755859375
2008-12-01,816.2100219726562,75.6500015258789
2008-12-02,848.8099975585938,76.94999694824219
2008-12-03,870.739990234375,76.18000030517578
2008-12-04,845.219970703125,75.5
2008-12-05,876.0700073242188,74.5199966430664
2008-12-08,909.7000122070312,76.19999694824219
2008-12-09,888.6699829101562,76.33000183105469
2008-12-10,899.239990234375,79.75
2008-12-11,873.5900268554688,80.6500015258789
2008-12-12,879.72998046875,80.80999755859375
2008-12-15,868.5700073242188,82.5999984741211
2008-12-16,913.1799926757812,84.45999908447266
2008-12-17,904.4199829101562,85.43000030517578
2008-12-18,885.280029296875,83.87000274658203
2008-12-19,887.8800048828125,82.62999725341797
2008-12-22,871.6300048828125,83.45999908447266
2008-12-23,863.1599731445312,82.62999725341797
2008-12-24,868.1500244140625,83.45999908447266
2008-12-26,872.7999877929688,85.5999984741211
2008-12-29,869.4199829101562,86.3499984741211
2008-12-30,890.6400146484375,85.9000015258789
2008-12-31,903.25,86.5199966430664
2009-01-02,931.7999877929688,86.2300033569336
2009-01-05,927.4500122070312,84.4800033569336
2009-01-06,934.7000122070312,85.12999725341797
2009-01-07,906.6500244140625,82.75
2009-01-08,909.72998046875,84.45999908447266
2009-01-09,890.3499755859375,83.91999816894531
2009-01-12,870.260009765625,80.76000213623047
2009-01-13,871.7899780273438,80.87999725341797
2009-01-14,842.6199951171875,79.79000091552734
2009-01-15,843.739990234375,80.38999938964844
2009-01-16,850.1199951171875,82.70999908447266
2009-01-20,805.219970703125,84.5199966430664
2009-01-21,840.239990234375,84.1500015258789
2009-01-22,827.5,84.58000183105469
2009-01-23,831.9500122070312,88.52999877929688
2009-01-26,836.5700073242188,88.94999694824219
2009-01-27,845.7100219726562,88.37999725341797
2009-01-28,874.0900268554688,87.41999816894531
2009-01-29,845.1400146484375,89.5
2009-01-30,825.8800048828125,91.30999755859375
2009-02-02,825.4400024414062,88.83999633789062
2009-02-03,838.510009765625,88.47000122070312
2009-02-04,832.22998046875,89.18000030517578
2009-02-05,845.8499755859375,90.12000274658203
2009-02-06,868.5999755859375,89.58999633789062
2009-02-09,869.8900146484375,88.31999969482422
2009-02-10,827.1599731445312,90.20999908447266
2009-02-11,833.739990234375,92.29000091552734
2009-02-12,835.1900024414062,93.16999816894531
2009-02-13,826.8400268554688,92.55000305175781
2009-02-17,789.1699829101562,95.44999694824219
2009-02-18,788.4199829101562,96.91000366210938
2009-02-19,778.9400024414062,95.7699966430664
2009-02-20,770.0499877929688,97.80000305175781
2009-02-23,743.3300170898438,97.7300033569336
2009-02-24,773.1400146484375,94.7300033569336
2009-02-25,764.9000244140625,93.1500015258789
2009-02-26,752.8300170898438,93.05999755859375
2009-02-27,735.0900268554688,92.62999725341797
2009-03-02,700.8200073242188,90.93000030517578
2009-03-03,696.3300170898438,90.04000091552734
2009-03-04,712.8699951171875,88.98999786376953
2009-03-05,682.5499877929688,91.98999786376953
2009-03-06,683.3800048828125,92.29000091552734
2009-03-09,676.530029296875,90.56999969482422
2009-03-10,719.5999755859375,88.13999938964844
2009-03-11,721.3599853515625,89.22000122070312
2009-03-12,750.739990234375,91.0999984741211
2009-03-13,756.5499877929688,91.30000305175781
2009-03-16,753.8900146484375,90.80000305175781
2009-03-17,778.1199951171875,90.04000091552734
2009-03-18,794.3499755859375,93.08999633789062
2009-03-19,784.0399780273438,94.3499984741211
2009-03-20,768.5399780273438,93.58999633789062
2009-03-23,822.9199829101562,92.08000183105469
2009-03-24,806.1199951171875,90.94999694824219
2009-03-25,813.8800048828125,91.9800033569336
2009-03-26,832.8599853515625,91.93000030517578
2009-03-27,815.9400024414062,90.69000244140625
2009-03-30,787.530029296875,89.9800033569336
2009-03-31,797.8699951171875,90.27999877929688
2009-04-01,811.0800170898438,91.02999877929688
2009-04-02,834.3800048828125,88.80000305175781
2009-04-03,842.5,87.58999633789062
2009-04-06,835.47998046875,85.2699966430664
2009-04-07,815.5499877929688,86.73999786376953
2009-04-08,825.1599731445312,86.61000061035156
2009-04-09,856.5599975585938,86.30999755859375
2009-04-13,858.72998046875,87.87999725341797
2009-04-14,841.5,87.37000274658203
2009-04-15,852.0599975585938,87.5
2009-04-16,865.2999877929688,85.80999755859375
2009-04-17,869.5999755859375,85.22000122070312
2009-04-20,832.3900146484375,86.94999694824219
2009-04-21,850.0800170898438,86.88999938964844
2009-04-22,843.5499877929688,87.37999725341797
2009-04-23,851.9199829101562,88.80000305175781
2009-04-24,866.22998046875,89.72000122070312
2009-04-27,857.510009765625,89.01000213623047
2009-04-28,855.1599731445312,87.75
2009-04-29,873.6400146484375,88.33000183105469
2009-04-30,872.8099975585938,87.2699966430664
2009-05-01,877.52001953125,86.94999694824219
2009-05-04,907.239990234375,88.63999938964844
2009-05-05,903.7999877929688,88.25
2009-05-06,919.530029296875,89.54000091552734
2009-05-07,907.3900146484375,89.44000244140625
2009-05-08,929.22998046875,89.9800033569336
2009-05-11,909.239990234375,89.69000244140625
2009-05-12,908.3499755859375,90.69999694824219
2009-05-13,883.9199829101562,91.08999633789062
2009-05-14,893.0700073242188,91.02999877929688
2009-05-15,882.8800048828125,91.55000305175781
2009-05-18,909.7100219726562,90.36000061035156
2009-05-19,908.1300048828125,90.95999908447266
2009-05-20,903.469970703125,92.25
2009-05-21,888.3300170898438,93.8499984741211
2009-05-22,887.0,94.1500015258789
2009-05-26,910.3300170898438,93.76000213623047
2009-05-27,893.0599975585938,93.44999694824219
2009-05-28,906.8300170898438,94.23999786376953
2009-05-29,919.1400146484375,96.19999694824219
2009-06-01,942.8699951171875,95.7300033569336
2009-06-02,944.739990234375,96.36000061035156
2009-06-03,931.760009765625,94.41000366210938
2009-06-04,942.4600219726562,96.2300033569336
2009-06-05,940.0900268554688,93.70999908447266
2009-06-08,939.1400146484375,93.55999755859375
2009-06-09,942.4299926757812,93.83000183105469
2009-06-10,939.1500244140625,93.86000061035156
2009-06-11,944.8900146484375,93.69999694824219
2009-06-12,946.2100219726562,92.16999816894531
2009-06-15,923.719970703125,91.0999984741211
2009-06-16,911.969970703125,91.93000030517578
2009-06-17,910.7100219726562,92.3499984741211
2009-06-18,918.3699951171875,91.61000061035156
2009-06-19,921.22998046875,91.9000015258789
2009-06-22,893.0399780273438,90.54000091552734
2009-06-23,895.0999755859375,90.91999816894531
2009-06-24,900.9400024414062,91.44999694824219
2009-06-25,920.260009765625,92.30999755859375
2009-06-26,918.9000244140625,92.29000091552734
2009-06-29,927.22998046875,92.04000091552734
2009-06-30,919.3200073242188,91.18000030517578
2009-07-01,923.3300170898438,92.38999938964844
2009-07-02,896.4199829101562,91.25
2009-07-06,898.719970703125,90.76000213623047
2009-07-07,881.030029296875,90.70999908447266
2009-07-08,879.5599975585938,89.2699966430664
2009-07-09,882.6799926757812,89.51000213623047
2009-07-10,879.1300048828125,89.58000183105469
2009-07-13,901.0499877929688,90.19000244140625
2009-07-14,905.8400268554688,90.80999755859375
2009-07-15,932.6799926757812,92.23999786376953
2009-07-16,940.739990234375,91.9800033569336
2009-07-17,940.3800048828125,91.93000030517578
2009-07-20,951.1300048828125,93.27999877929688
2009-07-21,954.5800170898438,93.12999725341797
2009-07-22,954.0700073242188,93.44000244140625
2009-07-23,976.2899780273438,93.26000213623047
2009-07-24,979.260009765625,93.41000366210938
2009-07-27,982.1799926757812,93.70999908447266
2009-07-28,979.6199951171875,92.11000061035156
2009-07-29,975.1500244140625,91.19999694824219
2009-07-30,986.75,91.62000274658203
2009-07-31,987.47998046875,93.3499984741211
2009-08-03,1002.6300048828125,93.87000274658203
2009-08-04,1005.6500244140625,94.68000030517578
2009-08-05,1002.719970703125,94.77999877929688
2009-08-06,997.0800170898438,94.5999984741211
2009-08-07,1010.47998046875,93.75
2009-08-10,1007.0999755859375,92.93000030517578
2009-08-11,994.3499755859375,92.79000091552734
2009-08-12,1005.8099975585938,92.94999694824219
2009-08-13,1012.72998046875,93.72000122070312
2009-08-14,1004.0900268554688,93.0
2009-08-17,979.72998046875,91.61000061035156
2009-08-18,989.6699829101562,92.05999755859375
2009-08-19,996.4600219726562,92.52999877929688
2009-08-20,1007.3699951171875,92.2699966430664
2009-08-21,1026.1300048828125,93.6500015258789
2009-08-24,1025.5699462890625,92.33999633789062
2009-08-25,1028.0,92.76000213623047
2009-08-26,1028.1199951171875,92.79000091552734
2009-08-27,1030.97998046875,93.19000244140625
2009-08-28,1028.9300537109375,93.87000274658203
2009-08-31,1020.6199951171875,93.4000015258789
2009-09-01,998.0399780273438,93.9000015258789
2009-09-02,994.75,96.19000244140625
2009-09-03,1003.239990234375,97.45999908447266
2009-09-04,1016.4000244140625,97.52999877929688
2009-09-08,1025.3900146484375,97.43000030517578
2009-09-09,1033.3699951171875,97.08000183105469
2009-09-10,1044.1400146484375,97.69999694824219
2009-09-11,1042.72998046875,98.77999877929688
2009-09-14,1049.3399658203125,97.95999908447266
2009-09-15,1052.6300048828125,98.9000015258789
2009-09-16,1068.760009765625,99.91000366210938
2009-09-17,1065.489990234375,99.33999633789062
2009-09-18,1068.300048828125,98.66999816894531
2009-09-21,1064.6600341796875,98.36000061035156
2009-09-22,1071.6600341796875,99.66999816894531
2009-09-23,1060.8699951171875,98.83000183105469
2009-09-24,1050.780029296875,97.55000305175781
2009-09-25,1044.3800048828125,97.0
2009-09-28,1062.97998046875,97.05000305175781
2009-09-29,1060.6099853515625,97.43000030517578
2009-09-30,1057.0799560546875,98.8499984741211
2009-10-01,1029.8499755859375,97.88999938964844
2009-10-02,1025.2099609375,98.37000274658203
2009-10-05,1040.4599609375,99.81999969482422
2009-10-06,1054.719970703125,102.27999877929688
2009-10-07,1057.5799560546875,102.36000061035156
2009-10-08,1065.47998046875,103.63999938964844
2009-10-09,1071.489990234375,102.83999633789062
2009-10-12,1076.18994140625,103.55999755859375
2009-10-13,1073.18994140625,104.26000213623047
2009-10-14,1092.02001953125,104.18000030517578
2009-10-15,1096.56005859375,102.86000061035156
2009-10-16,1087.6800537109375,103.18000030517578
2009-10-19,1097.9100341796875,104.2300033569336
2009-10-20,1091.06005859375,103.41999816894531
2009-10-21,1081.4000244140625,103.75
2009-10-22,1092.9100341796875,103.91999816894531
2009-10-23,1079.5999755859375,103.48999786376953
2009-10-26,1066.949951171875,101.86000061035156
2009-10-27,1063.4100341796875,101.8499984741211
2009-10-28,1042.6300048828125,100.7300033569336
2009-10-29,1066.1099853515625,102.69000244140625
2009-10-30,1036.18994140625,102.52999877929688
2009-11-02,1042.8800048828125,103.94999694824219
2009-11-03,1045.4100341796875,106.45999908447266
2009-11-04,1046.5,107.0999984741211
2009-11-05,1066.6300048828125,106.9800033569336
2009-11-06,1069.300048828125,107.43000030517578
2009-11-09,1093.0799560546875,108.19000244140625
2009-11-10,1093.010009765625,108.38999938964844
2009-11-11,1098.510009765625,109.5999984741211
2009-11-12,1087.239990234375,108.20999908447266
2009-11-13,1093.47998046875,109.73999786376953
2009-11-16,1109.300048828125,111.62999725341797
2009-11-17,1110.3199462890625,111.97000122070312
2009-11-18,1109.800048828125,112.25
2009-11-19,1094.9000244140625,112.30000305175781
2009-11-20,1091.3800048828125,112.94000244140625
2009-11-23,1106.239990234375,114.29000091552734
2009-11-24,1105.6500244140625,114.7300033569336
2009-11-25,1110.6300048828125,116.62000274658203
2009-11-27,1091.489990234375,115.05999755859375
2009-11-30,1095.6300048828125,115.63999938964844
2009-12-01,1108.8599853515625,117.37999725341797
2009-12-02,1109.239990234375,119.18000030517578
2009-12-03,1099.9200439453125,118.69999694824219
2009-12-04,1105.97998046875,113.75
2009-12-07,1103.25,113.11000061035156
2009-12-08,1091.93994140625,110.94999694824219
2009-12-09,1095.949951171875,110.83999633789062
2009-12-10,1102.3499755859375,110.81999969482422
2009-12-11,1106.4100341796875,109.31999969482422
2009-12-14,1114.1099853515625,110.23999786376953
2009-12-15,1107.9300537109375,110.20999908447266
2009-12-16,1109.1800537109375,111.58999633789062
2009-12-17,1096.0799560546875,107.33999633789062
2009-12-18,1102.469970703125,108.94999694824219
2009-12-21,1114.050048828125,106.94999694824219
2009-12-22,1118.02001953125,106.16999816894531
2009-12-23,1120.5899658203125,106.55000305175781
2009-12-24,1126.47998046875,108.36000061035156
2009-12-28,1127.780029296875,108.55000305175781
2009-12-29,1126.199951171875,107.47000122070312
2009-12-30,1126.4200439453125,106.93000030517578
2009-12-31,1115.0999755859375,107.30999755859375
2010-01-04,1132.989990234375,109.80000305175781
2010-01-05,1136.52001953125,109.69999694824219
2010-01-06,1137.1400146484375,111.51000213623047
2010-01-07,1141.68994140625,110.81999969482422
2010-01-08,1144.97998046875,111.37000274658203
2010-01-11,1146.97998046875,112.8499984741211
2010-01-12,1136.219970703125,110.48999786376953
2010-01-13,1145.6800537109375,111.54000091552734
2010-01-14,1148.4599609375,112.02999877929688
2010-01-15,1136.030029296875,110.86000061035156
2010-01-19,1150.22998046875,111.5199966430664
2010-01-20,1138.0400390625,108.94000244140625
2010-01-21,1116.47998046875,107.37000274658203
2010-01-22,1091.760009765625,107.16999816894531
2010-01-25,1096.780029296875,107.4800033569336
2010-01-26,1092.1700439453125,107.55999755859375
2010-01-27,1097.5,106.52999877929688
2010-01-28,1084.530029296875,106.4800033569336
2010-01-29,1073.8699951171875,105.95999908447266
2010-02-01,1089.18994140625,108.3499984741211
2010-02-02,1103.3199462890625,109.12999725341797
2010-02-03,1097.280029296875,108.69999694824219
2010-02-04,1063.1099853515625,104.37000274658203
2010-02-05,1066.18994140625,104.68000030517578
2010-02-08,1056.739990234375,104.04000091552734
2010-02-09,1070.52001953125,105.41000366210938
2010-02-10,1068.1300048828125,105.12000274658203
2010-02-11,1078.469970703125,107.12999725341797
2010-02-12,1075.510009765625,107.04000091552734
2010-02-16,1094.8699951171875,109.62000274658203
2010-02-17,1099.510009765625,109.25
2010-02-18,1106.75,109.9800033569336
2010-02-19,1109.1700439453125,109.47000122070312
2010-02-22,1108.010009765625,109.06999969482422
2010-02-23,1094.5999755859375,107.88999938964844
2010-02-24,1105.239990234375,107.36000061035156
2010-02-25,1102.93994140625,108.30999755859375
2010-02-26,1104.489990234375,109.43000030517578
2010-03-01,1115.7099609375,109.43000030517578
2010-03-02,1118.31005859375,111.0199966430664
2010-03-03,1118.7900390625,111.62999725341797
2010-03-04,1122.969970703125,110.83000183105469
2010-03-05,1138.699951171875,110.80999755859375
2010-03-08,1138.5,109.87999725341797
2010-03-09,1140.449951171875,109.72000122070312
2010-03-10,1145.6099853515625,108.47000122070312
2010-03-11,1150.239990234375,108.5999984741211
2010-03-12,1149.989990234375,107.94999694824219
2010-03-15,1150.510009765625,108.36000061035156
2010-03-16,1159.4599609375,110.4000015258789
2010-03-17,1166.2099609375,109.58999633789062
2010-03-18,1165.8299560546875,110.33999633789062
2010-03-19,1159.9000244140625,108.27999877929688
2010-03-22,1165.81005859375,107.75
2010-03-23,1174.1700439453125,108.31999969482422
2010-03-24,1167.719970703125,106.30000305175781
2010-03-25,1165.72998046875,106.77999877929688
2010-03-26,1166.5899658203125,108.58999633789062
2010-03-29,1173.219970703125,108.75
2010-03-30,1173.27001953125,107.97000122070312
2010-03-31,1169.4300537109375,108.94999694824219
2010-04-01,1178.0999755859375,110.26000213623047
2010-04-05,1187.43994140625,110.88999938964844
2010-04-06,1189.43994140625,111.02999877929688
2010-04-07,1182.449951171875,112.48999786376953
2010-04-08,1186.43994140625,112.6500015258789
2010-04-09,1194.3699951171875,113.63999938964844
2010-04-12,1196.47998046875,113.01000213623047
2010-04-13,1197.300048828125,112.69000244140625
2010-04-14,1210.6500244140625,113.02999877929688
2010-04-15,1211.6700439453125,113.6500015258789
2010-04-16,1192.1300048828125,111.23999786376953
2010-04-19,1197.52001953125,111.1500015258789
2010-04-20,1207.1700439453125,111.45999908447266
2010-04-21,1205.93994140625,112.30999755859375
2010-04-22,1208.6700439453125,111.83999633789062
2010-04-23,1217.280029296875,113.19000244140625
2010-04-26,1212.050048828125,112.75
2010-04-27,1183.7099609375,114.62999725341797
2010-04-28,1191.3599853515625,114.30999755859375
2010-04-29,1206.780029296875,114.27999877929688
2010-04-30,1186.68994140625,115.36000061035156
2010-05-03,1202.260009765625,115.7300033569336
2010-05-04,1173.5999755859375,114.87000274658203
2010-05-05,1165.8699951171875,115.08999633789062
2010-05-06,1128.1500244140625,118.48999786376953
2010-05-07,1110.8800048828125,118.2699966430664
2010-05-10,1159.72998046875,117.56999969482422
2010-05-11,1155.7900390625,120.66000366210938
2010-05-12,1171.6700439453125,121.4000015258789
2010-05-13,1157.43994140625,120.55999755859375
2010-05-14,1135.6800537109375,120.37000274658203
2010-05-17,1136.93994140625,119.36000061035156
2010-05-18,1120.800048828125,119.48999786376953
2010-05-19,1115.050048828125,116.62999725341797
2010-05-20,1071.5899658203125,115.83999633789062
2010-05-21,1087.68994140625,115.22000122070312
2010-05-24,1073.6500244140625,116.83999633789062
2010-05-25,1074.030029296875,117.36000061035156
2010-05-26,1067.949951171875,118.47000122070312
2010-05-27,1103.06005859375,118.69000244140625
2010-05-28,1089.4100341796875,118.87999725341797
2010-06-01,1070.7099609375,119.91000366210938
2010-06-02,1098.3800048828125,119.77999877929688
2010-06-03,1102.8299560546875,117.95999908447266
2010-06-04,1064.8800048828125,119.19000244140625
2010-06-07,1050.469970703125,121.48999786376953
2010-06-08,1062.0,121.0
2010-06-09,1055.68994140625,120.55999755859375
2010-06-10,1086.8399658203125,118.97000122070312
2010-06-11,1091.5999755859375,120.01000213623047
2010-06-14,1089.6300048828125,119.5999984741211
2010-06-15,1115.22998046875,120.98999786376953
2010-06-16,1114.6099853515625,120.33000183105469
2010-06-17,1116.0400390625,121.9000015258789
2010-06-18,1117.510009765625,122.83000183105469
2010-06-21,1113.199951171875,120.38999938964844
2010-06-22,1095.31005859375,121.44999694824219
2010-06-23,1092.0400390625,120.94999694824219
2010-06-24,1073.68994140625,121.30000305175781
2010-06-25,1076.760009765625,122.76000213623047
2010-06-28,1074.5699462890625,121.08999633789062
2010-06-29,1041.239990234375,121.2699966430664
2010-06-30,1030.7099609375,121.68000030517578
2010-07-01,1027.3699951171875,117.04000091552734
2010-07-02,1022.5800170898438,118.48999786376953
2010-07-06,1028.06005859375,116.51000213623047
2010-07-07,1060.27001953125,117.7300033569336
2010-07-08,1070.25,117.20999908447266
2010-07-09,1077.9599609375,118.36000061035156
2010-07-12,1078.75,117.33999633789062
2010-07-13,1095.3399658203125,118.36000061035156
2010-07-14,1095.1700439453125,118.30000305175781
2010-07-15,1096.47998046875,118.2300033569336
2010-07-16,1064.8800048828125,116.66999816894531
2010-07-19,1071.25,115.7300033569336
2010-07-20,1083.47998046875,116.6500015258789
2010-07-21,1069.5899658203125,115.8499984741211
2010-07-22,1093.6700439453125,116.86000061035156
2010-07-23,1102.6600341796875,116.08999633789062
2010-07-26,1115.010009765625,115.5199966430664
2010-07-27,1113.8399658203125,113.51000213623047
2010-07-28,1106.1300048828125,113.77999877929688
2010-07-29,1101.530029296875,114.29000091552734
2010-07-30,1101.5999755859375,115.48999786376953
2010-08-02,1125.8599853515625,115.54000091552734
2010-08-03,1120.4599609375,115.98999786376953
2010-08-04,1127.239990234375,116.72000122070312
2010-08-05,1125.81005859375,116.9800033569336
2010-08-06,1121.6400146484375,117.83999633789062
2010-08-09,1127.7900390625,117.4000015258789
2010-08-10,1121.06005859375,117.7300033569336
2010-08-11,1089.469970703125,117.33999633789062
2010-08-12,1083.6099853515625,118.7699966430664
2010-08-13,1079.25,118.73999786376953
2010-08-16,1079.3800048828125,119.7300033569336
2010-08-17,1092.5400390625,119.75
2010-08-18,1094.1600341796875,120.22000122070312
2010-08-19,1075.6300048828125,120.38999938964844
2010-08-20,1071.68994140625,119.97000122070312
2010-08-23,1067.3599853515625,119.77999877929688
2010-08-24,1051.8699951171875,120.36000061035156
2010-08-25,1055.3299560546875,121.36000061035156
2010-08-26,1047.219970703125,120.95999908447266
2010-08-27,1064.5899658203125,121.01000213623047
2010-08-30,1048.9200439453125,120.91000366210938
2010-08-31,1049.3299560546875,122.08000183105469
2010-09-01,1080.2900390625,121.69000244140625
2010-09-02,1090.0999755859375,122.29000091552734
2010-09-03,1104.510009765625,121.86000061035156
2010-09-07,1091.8399658203125,122.69999694824219
2010-09-08,1098.8699951171875,122.70999908447266
2010-09-09,1104.1800537109375,121.55999755859375
2010-09-10,1109.550048828125,121.7300033569336
2010-09-13,1121.9000244140625,121.62000274658203
2010-09-14,1121.0999755859375,124.0199966430664
2010-09-15,1125.0699462890625,123.94000244140625
2010-09-16,1124.6600341796875,124.62999725341797
2010-09-17,1125.5899658203125,124.54000091552734
2010-09-20,1142.7099609375,124.87000274658203
2010-09-21,1139.780029296875,126.01000213623047
2010-09-22,1134.280029296875,126.19999694824219
2010-09-23,1124.8299560546875,126.30000305175781
2010-09-24,1148.6700439453125,126.69000244140625
2010-09-27,1142.1600341796875,126.72000122070312
2010-09-28,1147.699951171875,127.8499984741211
2010-09-29,1144.72998046875,127.94999694824219
2010-09-30,1141.199951171875,127.91000366210938
2010-10-01,1146.239990234375,128.91000366210938
2010-10-04,1137.030029296875,128.4600067138672
2010-10-05,1160.75,130.99000549316406
2010-10-06,1159.969970703125,131.80999755859375
2010-10-07,1158.06005859375,130.3699951171875
2010-10-08,1165.1500244140625,131.66000366210938
2010-10-11,1165.3199462890625,132.2899932861328
2010-10-12,1169.77001953125,131.9600067138672
2010-10-13,1178.0999755859375,134.07000732421875
2010-10-14,1173.81005859375,134.75
2010-10-15,1176.18994140625,133.67999267578125
2010-10-18,1184.7099609375,134.27999877929688
2010-10-19,1165.9000244140625,130.11000061035156
2010-10-20,1178.1700439453125,131.32000732421875
2010-10-21,1180.260009765625,129.47000122070312
2010-10-22,1183.0799560546875,129.72999572753906
2010-10-25,1185.6199951171875,130.85000610351562
2010-10-26,1185.6400146484375,130.8800048828125
2010-10-27,1182.449951171875,129.52000427246094
2010-10-28,1183.780029296875,131.24000549316406
2010-10-29,1183.260009765625,132.6199951171875
2010-11-01,1184.3800048828125,131.9199981689453
2010-11-02,1193.5699462890625,132.49000549316406
2010-11-03,1197.9599609375,131.57000732421875
2010-11-04,1221.06005859375,136.02999877929688
2010-11-05,1225.8499755859375,136.3800048828125
2010-11-08,1223.25,137.77999877929688
2010-11-09,1213.4000244140625,135.58999633789062
2010-11-10,1218.7099609375,137.24000549316406
2010-11-11,1213.5400390625,137.66000366210938
2010-11-12,1199.2099609375,133.69000244140625
2010-11-15,1197.75,132.4199981689453
2010-11-16,1178.3399658203125,130.97000122070312
2010-11-17,1178.5899658203125,130.3800048828125
2010-11-18,1196.68994140625,132.08999633789062
2010-11-19,1199.72998046875,132.1999969482422
2010-11-22,1197.8399658203125,133.47999572753906
2010-11-23,1180.72998046875,134.41000366210938
2010-11-24,1198.3499755859375,134.17999267578125
2010-11-26,1189.4000244140625,133.11000061035156
2010-11-29,1187.760009765625,133.50999450683594
2010-11-30,1180.550048828125,135.4199981689453
2010-12-01,1206.0699462890625,135.3800048828125
2010-12-02,1221.530029296875,135.1999969482422
2010-12-03,1224.7099609375,138.07000732421875
2010-12-06,1223.1199951171875,139.11000061035156
2010-12-07,1223.75,136.5
2010-12-08,1228.280029296875,134.7899932861328
2010-12-09,1233.0,135.3699951171875
2010-12-10,1240.4000244140625,135.41000366210938
2010-12-13,1240.4599609375,136.0500030517578
2010-12-14,1241.5899658203125,136.17999267578125
2010-12-15,1235.22998046875,134.6999969482422
2010-12-16,1242.8699951171875,133.80999755859375
2010-12-17,1243.9100341796875,134.1999969482422
2010-12-20,1247.0799560546875,135.11000061035156
2010-12-21,1254.5999755859375,135.32000732421875
2010-12-22,1258.8399658203125,135.0500030517578
2010-12-23,1256.77001953125,134.66000366210938
2010-12-27,1257.5400390625,135.02000427246094
2010-12-28,1258.510009765625,137.22000122070312
2010-12-29,1259.780029296875,137.7100067138672
2010-12-30,1257.8800048828125,137.02999877929688
2010-12-31,1257.6400146484375,138.72000122070312
2011-01-03,1271.8699951171875,138.0
2011-01-04,1270.199951171875,134.75
2011-01-05,1276.56005859375,134.3699951171875
2011-01-06,1273.8499755859375,133.8300018310547
2011-01-07,1271.5,133.5800018310547
2011-01-10,1269.75,134.1199951171875
2011-01-11,1274.47998046875,134.91000366210938
2011-01-12,1285.9599609375,135.4600067138672
2011-01-13,1283.760009765625,134.0500030517578
2011-01-14,1293.239990234375,132.69000244140625
2011-01-18,1295.02001953125,133.42999267578125
2011-01-19,1281.9200439453125,133.72000122070312
2011-01-20,1280.260009765625,131.1999969482422
2011-01-21,1283.3499755859375,131.02999877929688
2011-01-24,1290.8399658203125,130.36000061035156
2011-01-25,1291.1800537109375,130.10000610351562
2011-01-26,1296.6300048828125,131.16000366210938
2011-01-27,1299.5400390625,127.93000030517578
2011-01-28,1276.3399658203125,130.27999877929688
2011-01-31,1286.1199951171875,129.8699951171875
2011-02-01,1307.5899658203125,130.8000030517578
2011-02-02,1304.030029296875,130.4499969482422
2011-02-03,1307.0999755859375,132.1999969482422
2011-02-04,1310.8699951171875,131.66000366210938
2011-02-07,1319.050048828125,131.67999267578125
2011-02-08,1324.5699462890625,133.13999938964844
2011-02-09,1320.8800048828125,133.07000732421875
2011-02-10,1321.8699951171875,132.85000610351562
2011-02-11,1329.1500244140625,132.32000732421875
2011-02-14,1332.3199462890625,132.9499969482422
2011-02-15,1328.010009765625,133.97000122070312
2011-02-16,1336.3199462890625,134.10000610351562
2011-02-17,1340.4300537109375,135.0399932861328
2011-02-18,1343.010009765625,135.41000366210938
2011-02-22,1315.43994140625,136.2899932861328
2011-02-23,1307.4000244140625,137.50999450683594
2011-02-24,1306.0999755859375,136.47999572753906
2011-02-25,1319.8800048828125,137.3800048828125
2011-02-28,1327.219970703125,137.66000366210938
2011-03-01,1306.3299560546875,140.02999877929688
2011-03-02,1308.43994140625,139.9199981689453
2011-03-03,1330.969970703125,138.08999633789062
2011-03-04,1321.1500244140625,139.35000610351562
2011-03-07,1310.1300048828125,139.72000122070312
2011-03-08,1321.8199462890625,139.36000061035156
2011-03-09,1320.02001953125,139.41000366210938
2011-03-10,1295.1099853515625,137.77000427246094
2011-03-11,1304.280029296875,138.22000122070312
2011-03-14,1296.3900146484375,138.86000061035156
2011-03-15,1281.8699951171875,136.27000427246094
2011-03-16,1256.8800048828125,136.24000549316406
2011-03-17,1273.719970703125,136.97000122070312
2011-03-18,1279.2099609375,138.3699951171875
2011-03-21,1298.3800048828125,139.13999938964844
2011-03-22,1293.77001953125,139.0500030517578
2011-03-23,1297.5400390625,140.33999633789062
2011-03-24,1309.6600341796875,139.22000122070312
2011-03-25,1313.800048828125,139.25999450683594
2011-03-28,1310.18994140625,138.5399932861328
2011-03-29,1319.43994140625,138.2100067138672
2011-03-30,1328.260009765625,138.6699981689453
2011-03-31,1325.8299560546875,139.86000061035156
2011-04-01,1332.4100341796875,139.1999969482422
2011-04-04,1332.8699951171875,139.83999633789062
2011-04-05,1332.6300048828125,142.0500030517578
2011-04-06,1335.5400390625,142.3800048828125
2011-04-07,1333.510009765625,142.50999450683594
2011-04-08,1328.1700439453125,143.66000366210938
2011-04-11,1324.4599609375,142.63999938964844
2011-04-12,1314.1600341796875,141.61000061035156
2011-04-13,1314.4100341796875,141.89999389648438
2011-04-14,1314.52001953125,143.80999755859375
2011-04-15,1319.6800537109375,145.0500030517578
2011-04-18,1305.1400146484375,145.92999267578125
2011-04-19,1312.6199951171875,145.92999267578125
2011-04-20,1330.3599853515625,146.5
2011-04-21,1337.3800048828125,146.74000549316406
2011-04-25,1335.25,146.8699951171875
2011-04-26,1347.239990234375,146.3800048828125
2011-04-27,1355.6600341796875,149.1999969482422
2011-04-28,1360.47998046875,149.82000732421875
2011-04-29,1363.6099853515625,152.3699951171875
2011-05-02,1361.219970703125,150.41000366210938
2011-05-03,1356.6199951171875,149.8800048828125
2011-05-04,1347.3199462890625,147.72999572753906
2011-05-05,1335.0999755859375,143.47000122070312
2011-05-06,1340.199951171875,145.3000030517578
2011-05-09,1346.2900390625,147.3800048828125
2011-05-10,1357.1600341796875,147.89999389648438
2011-05-11,1342.0799560546875,146.5399932861328
2011-05-12,1348.6500244140625,146.58999633789062
2011-05-13,1337.77001953125,145.6300048828125
2011-05-16,1329.469970703125,145.3699951171875
2011-05-17,1328.97998046875,144.74000549316406
2011-05-18,1340.6800537109375,145.60000610351562
2011-05-19,1343.5999755859375,145.64999389648438
2011-05-20,1333.27001953125,147.49000549316406
2011-05-23,1317.3699951171875,147.8300018310547
2011-05-24,1316.280029296875,148.58999633789062
2011-05-25,1320.469970703125,148.5800018310547
2011-05-26,1325.68994140625,148.22000122070312
2011-05-27,1331.0999755859375,149.6999969482422
2011-05-31,1345.199951171875,149.63999938964844
2011-06-01,1314.550048828125,149.91000366210938
2011-06-02,1312.93994140625,149.5
2011-06-03,1300.1600341796875,150.22000122070312
2011-06-06,1286.1700439453125,150.47999572753906
2011-06-07,1284.93994140625,150.4199981689453
2011-06-08,1279.56005859375,149.80999755859375
2011-06-09,1289.0,150.55999755859375
2011-06-10,1270.97998046875,149.24000549316406
2011-06-13,1271.8299560546875,147.77000427246094
2011-06-14,1287.8699951171875,148.6699981689453
2011-06-15,1265.4200439453125,149.1199951171875
2011-06-16,1267.6400146484375,148.97000122070312
2011-06-17,1271.5,149.94000244140625
2011-06-20,1278.3599853515625,150.02999877929688
2011-06-21,1295.52001953125,150.75999450683594
2011-06-22,1287.1400146484375,150.99000549316406
2011-06-23,1283.5,148.33999633789062
2011-06-24,1268.449951171875,146.25999450683594
2011-06-27,1280.0999755859375,145.72999572753906
2011-06-28,1296.6700439453125,146.24000549316406
2011-06-29,1307.4100341796875,147.17999267578125
2011-06-30,1320.6400146484375,146.0
2011-07-01,1339.6700439453125,144.92999267578125
2011-07-05,1337.8800048828125,147.6300048828125
2011-07-06,1339.219970703125,148.91000366210938
2011-07-07,1353.219970703125,149.14999389648438
2011-07-08,1343.800048828125,150.25
2011-07-11,1319.489990234375,151.58999633789062
2011-07-12,1313.6400146484375,152.77000427246094
2011-07-13,1317.719970703125,154.13999938964844
2011-07-14,1308.8699951171875,154.5399932861328
2011-07-15,1316.1400146484375,155.1999969482422
2011-07-18,1305.43994140625,156.57000732421875
2011-07-19,1326.72998046875,154.66000366210938
2011-07-20,1325.8399658203125,156.02000427246094
2011-07-21,1343.800048828125,154.8300018310547
2011-07-22,1345.02001953125,156.1199951171875
2011-07-25,1337.4300537109375,157.33999633789062
2011-07-26,1331.93994140625,157.77000427246094
2011-07-27,1304.8900146484375,157.19000244140625
2011-07-28,1300.6700439453125,157.32000732421875
2011-07-29,1292.280029296875,158.2899932861328
2011-08-01,1286.93994140625,157.72000122070312
2011-08-02,1254.050048828125,161.52000427246094
2011-08-03,1260.3399658203125,161.49000549316406
2011-08-04,1200.0699462890625,160.63999938964844
2011-08-05,1199.3800048828125,161.75
2011-08-08,1119.4599609375,167.1199951171875
2011-08-09,1172.530029296875,168.61000061035156
2011-08-10,1120.760009765625,174.5800018310547
2011-08-11,1172.6400146484375,170.75
2011-08-12,1178.81005859375,169.97000122070312
2011-08-15,1204.489990234375,171.8000030517578
2011-08-16,1192.760009765625,173.9199981689453
2011-08-17,1193.8900146484375,174.4199981689453
2011-08-18,1140.6500244140625,177.72000122070312
2011-08-19,1123.530029296875,179.9499969482422
2011-08-22,1123.8199462890625,184.58999633789062
2011-08-23,1162.3499755859375,177.6699981689453
2011-08-24,1177.5999755859375,171.64999389648438
2011-08-25,1159.27001953125,172.36000061035156
2011-08-26,1176.800048828125,177.47000122070312
2011-08-29,1210.0799560546875,173.88999938964844
2011-08-30,1212.9200439453125,179.10000610351562
2011-08-31,1218.8900146484375,177.72000122070312
2011-09-01,1204.4200439453125,177.8699951171875
2011-09-02,1173.969970703125,183.24000549316406
2011-09-06,1165.239990234375,182.89999389648438
2011-09-07,1198.6199951171875,177.0800018310547
2011-09-08,1185.9000244140625,181.80999755859375
2011-09-09,1154.22998046875,180.6999969482422
2011-09-12,1162.27001953125,176.6699981689453
2011-09-13,1172.8699951171875,178.5399932861328
2011-09-14,1188.6800537109375,177.2100067138672
2011-09-15,1209.1099853515625,174.39999389648438
2011-09-16,1216.010009765625,176.02999877929688
2011-09-19,1204.0899658203125,173.30999755859375
2011-09-20,1202.0899658203125,175.77999877929688
2011-09-21,1166.760009765625,173.58999633789062
2011-09-22,1129.56005859375,169.0500030517578
2011-09-23,1136.4300537109375,159.8000030517578
2011-09-26,1162.949951171875,157.5800018310547
2011-09-27,1175.3800048828125,160.6300048828125
2011-09-28,1151.06005859375,156.22000122070312
2011-09-29,1160.4000244140625,157.6999969482422
2011-09-30,1131.4200439453125,158.05999755859375
2011-10-03,1099.22998046875,160.9600067138672
2011-10-04,1123.949951171875,157.63999938964844
2011-10-05,1144.030029296875,159.4600067138672
2011-10-06,1164.969970703125,160.49000549316406
2011-10-07,1155.4599609375,159.17999267578125
2011-10-10,1194.8900146484375,163.27000427246094
2011-10-11,1195.5400390625,162.10000610351562
2011-10-12,1207.25,163.25999450683594
2011-10-13,1203.6600341796875,162.3000030517578
2011-10-14,1224.5799560546875,163.39999389648438
2011-10-17,1200.8599853515625,162.6199951171875
2011-10-18,1225.3800048828125,161.83999633789062
2011-10-19,1209.8800048828125,159.8699951171875
2011-10-20,1215.3900146484375,157.77000427246094
2011-10-21,1238.25,159.52000427246094
2011-10-24,1254.18994140625,161.02000427246094
2011-10-25,1229.050048828125,165.58999633789062
2011-10-26,1242.0,167.39999389648438
2011-10-27,1284.5899658203125,169.5500030517578
2011-10-28,1285.0899658203125,169.6199951171875
2011-10-31,1253.300048828125,167.33999633789062
2011-11-01,1218.280029296875,167.3800048828125
2011-11-02,1237.9000244140625,169.05999755859375
2011-11-03,1261.1500244140625,171.72000122070312
2011-11-04,1253.22998046875,170.85000610351562
2011-11-07,1261.1199951171875,174.97999572753906
2011-11-08,1275.9200439453125,173.52999877929688
2011-11-09,1229.0999755859375,172.07000732421875
2011-11-10,1239.699951171875,171.13999938964844
2011-11-11,1263.8499755859375,173.9600067138672
2011-11-14,1251.780029296875,173.1999969482422
2011-11-15,1257.81005859375,173.36000061035156
2011-11-16,1236.9100341796875,171.50999450683594
2011-11-17,1216.1300048828125,167.10000610351562
2011-11-18,1215.6500244140625,167.6199951171875
2011-11-21,1192.97998046875,163.5
2011-11-22,1188.0400390625,165.30999755859375
2011-11-23,1161.7900390625,164.8300018310547
2011-11-25,1158.6700439453125,163.39999389648438
2011-11-28,1192.550048828125,166.6300048828125
2011-11-29,1195.18994140625,166.8800048828125
2011-11-30,1246.9599609375,170.1300048828125
2011-12-01,1244.5799560546875,169.6300048828125
2011-12-02,1244.280029296875,169.82000732421875
2011-12-05,1257.0799560546875,167.32000732421875
2011-12-06,1258.469970703125,168.17999267578125
2011-12-07,1261.010009765625,169.39999389648438
2011-12-08,1234.3499755859375,165.97999572753906
2011-12-09,1255.18994140625,166.39999389648438
2011-12-12,1236.469970703125,161.99000549316406
2011-12-13,1225.72998046875,158.4499969482422
2011-12-14,1211.8199462890625,152.88999938964844
2011-12-15,1215.75,152.3300018310547
2011-12-16,1219.6600341796875,155.22999572753906
2011-12-19,1205.3499755859375,154.8699951171875
2011-12-20,1241.300048828125,156.97999572753906
2011-12-21,1243.719970703125,157.16000366210938
2011-12-22,1254.0,156.0399932861328
2011-12-23,1265.3299560546875,156.30999755859375
2011-12-27,1265.4300537109375,154.91000366210938
2011-12-28,1249.6400146484375,151.02999877929688
2011-12-29,1263.02001953125,150.33999633789062
2011-12-30,1257.5999755859375,151.99000549316406
2012-01-03,1277.06005859375,155.9199981689453
2012-01-04,1277.300048828125,156.7100067138672
2012-01-05,1281.06005859375,157.77999877929688
2012-01-06,1277.81005859375,157.1999969482422
2012-01-09,1280.699951171875,156.5
2012-01-10,1292.0799560546875,158.63999938964844
2012-01-11,1292.47998046875,159.6699981689453
2012-01-12,1295.5,160.3800048828125
2012-01-13,1289.0899658203125,159.25999450683594
2012-01-17,1293.6700439453125,160.5
2012-01-18,1308.0400390625,161.60000610351562
2012-01-19,1314.5,161.22000122070312
2012-01-20,1315.3800048828125,162.07000732421875
2012-01-23,1316.0,163.16000366210938
2012-01-24,1314.6500244140625,162.00999450683594
2012-01-25,1326.06005859375,166.4199981689453
2012-01-26,1318.4300537109375,167.27000427246094
2012-01-27,1316.3299560546875,168.97000122070312
2012-01-30,1313.010009765625,168.02999877929688
2012-01-31,1312.4100341796875,169.30999755859375
2012-02-01,1324.0899658203125,169.55999755859375
2012-02-02,1325.5400390625,171.0500030517578
2012-02-03,1344.9000244140625,167.63999938964844
2012-02-06,1344.3299560546875,167.17999267578125
2012-02-07,1347.050048828125,169.6999969482422
2012-02-08,1349.9599609375,168.5
2012-02-09,1351.949951171875,168.02000427246094
2012-02-10,1342.6400146484375,167.13999938964844
2012-02-13,1351.77001953125,167.50999450683594
2012-02-14,1350.5,167.1199951171875
2012-02-15,1343.22998046875,168.11000061035156
2012-02-16,1358.0400390625,168.0
2012-02-17,1361.22998046875,167.35000610351562
2012-02-21,1362.2099609375,171.02000427246094
2012-02-22,1357.6600341796875,172.94000244140625
2012-02-23,1363.4599609375,173.02000427246094
2012-02-24,1365.739990234375,172.22999572753906
2012-02-27,1367.5899658203125,171.6999969482422
2012-02-28,1372.1800537109375,173.49000549316406
2012-02-29,1365.6800537109375,164.2899932861328
2012-03-01,1374.0899658203125,166.61000061035156
2012-03-02,1369.6300048828125,166.33999633789062
2012-03-05,1364.3299560546875,165.64999389648438
2012-03-06,1343.3599853515625,162.6999969482422
2012-03-07,1352.6300048828125,163.6300048828125
2012-03-08,1365.9100341796875,165.27999877929688
2012-03-09,1370.8699951171875,166.3800048828125
2012-03-12,1371.0899658203125,165.07000732421875
2012-03-13,1395.949951171875,162.3000030517578
2012-03-14,1394.280029296875,159.57000732421875
2012-03-15,1402.5999755859375,161.0800018310547
2012-03-16,1404.1700439453125,161.3000030517578
2012-03-19,1409.75,161.58999633789062
2012-03-20,1405.52001953125,160.1300048828125
2012-03-21,1402.8900146484375,160.2100067138672
2012-03-22,1392.780029296875,159.57000732421875
2012-03-23,1397.1099853515625,161.52999877929688
2012-03-26,1416.510009765625,164.39999389648438
2012-03-27,1412.52001953125,163.24000549316406
2012-03-28,1405.5400390625,161.50999450683594
2012-03-29,1403.280029296875,161.27999877929688
2012-03-30,1408.469970703125,162.1199951171875
2012-04-02,1419.0400390625,162.94000244140625
2012-04-03,1413.3800048828125,159.88999938964844
2012-04-04,1398.9599609375,157.2100067138672
2012-04-05,1398.0799560546875,158.30999755859375
2012-04-09,1382.199951171875,159.3699951171875
2012-04-10,1358.5899658203125,161.10000610351562
2012-04-11,1368.7099609375,161.07000732421875
2012-04-12,1387.5699462890625,162.6999969482422
2012-04-13,1370.260009765625,160.85000610351562
2012-04-16,1369.5699462890625,160.4600067138672
2012-04-17,1390.780029296875,160.25
2012-04-18,1385.1400146484375,159.30999755859375
2012-04-19,1376.9200439453125,159.42999267578125
2012-04-20,1378.530029296875,159.5399932861328
2012-04-23,1366.93994140625,159.07000732421875
2012-04-24,1371.969970703125,159.3000030517578
2012-04-25,1390.68994140625,159.6199951171875
2012-04-26,1399.97998046875,161.02999877929688
2012-04-27,1403.3599853515625,161.3800048828125
2012-04-30,1397.9100341796875,161.8800048828125
2012-05-01,1405.8199462890625,161.32000732421875
2012-05-02,1402.31005859375,160.58999633789062
2012-05-03,1391.5699462890625,158.97000122070312
2012-05-04,1369.0999755859375,159.47000122070312
2012-05-07,1369.5799560546875,159.0800018310547
2012-05-08,1363.719970703125,156.0
2012-05-09,1354.5799560546875,154.47000122070312
2012-05-10,1357.989990234375,154.77000427246094
2012-05-11,1353.3900146484375,153.55999755859375
2012-05-14,1338.3499755859375,151.3300018310547
2012-05-15,1330.6600341796875,149.74000549316406
2012-05-16,1324.800048828125,149.4600067138672
2012-05-17,1304.8599853515625,152.8000030517578
2012-05-18,1295.219970703125,154.5500030517578
2012-05-21,1315.989990234375,154.64999389648438
2012-05-22,1316.6300048828125,152.0800018310547
2012-05-23,1318.8599853515625,151.6199951171875
2012-05-24,1320.6800537109375,151.41000366210938
2012-05-25,1317.8199462890625,152.67999267578125
2012-05-29,1332.4200439453125,151.02000427246094
2012-05-30,1313.3199462890625,151.91000366210938
2012-05-31,1310.3299560546875,151.6199951171875
2012-06-01,1278.0400390625,157.5
2012-06-04,1278.1800537109375,157.32000732421875
2012-06-05,1285.5,157.13999938964844
2012-06-06,1315.1300048828125,157.2100067138672
2012-06-07,1314.989990234375,154.5
2012-06-08,1325.6600341796875,154.72999572753906
2012-06-11,1308.9300537109375,155.36000061035156
2012-06-12,1324.1800537109375,156.4600067138672
2012-06-13,1314.8800048828125,157.1199951171875
2012-06-14,1329.0999755859375,157.75
2012-06-15,1342.8399658203125,157.83999633789062
2012-06-18,1344.780029296875,157.92999267578125
2012-06-19,1357.97998046875,157.16000366210938
2012-06-20,1355.68994140625,155.97000122070312
2012-06-21,1325.510009765625,152.02000427246094
2012-06-22,1335.02001953125,152.63999938964844
2012-06-25,1313.719970703125,153.75999450683594
2012-06-26,1319.989990234375,152.6199951171875
2012-06-27,1331.8499755859375,152.8300018310547
2012-06-28,1329.0400390625,151.0500030517578
2012-06-29,1362.1600341796875,155.19000244140625
2012-07-02,1365.510009765625,155.08999633789062
2012-07-03,1374.02001953125,157.4600067138672
2012-07-05,1367.5799560546875,155.67999267578125
2012-07-06,1354.6800537109375,153.7100067138672
2012-07-09,1352.4599609375,154.0399932861328
2012-07-10,1341.469970703125,152.14999389648438
2012-07-11,1341.449951171875,152.99000549316406
2012-07-12,1334.760009765625,152.58999633789062
2012-07-13,1356.780029296875,154.13999938964844
2012-07-16,1353.6400146484375,154.2100067138672
2012-07-17,1363.6700439453125,153.47000122070312
2012-07-18,1372.780029296875,153.0500030517578
2012-07-19,1376.510009765625,153.3800048828125
2012-07-20,1362.6600341796875,153.6699981689453
2012-07-23,1350.52001953125,153.02999877929688
2012-07-24,1338.31005859375,153.52000427246094
2012-07-25,1337.8900146484375,155.6699981689453
2012-07-26,1360.02001953125,156.77000427246094
2012-07-27,1385.969970703125,157.5399932861328
2012-07-30,1385.300048828125,157.42999267578125
2012-07-31,1379.3199462890625,156.49000549316406
2012-08-01,1375.3199462890625,155.13999938964844
2012-08-02,1365.0,154.1300048828125
2012-08-03,1390.989990234375,155.5500030517578
2012-08-06,1394.22998046875,156.3000030517578
2012-08-07,1401.3499755859375,156.27999877929688
2012-08-08,1402.219970703125,156.47999572753906
2012-08-09,1402.800048828125,156.99000549316406
2012-08-10,1405.8699951171875,157.17999267578125
2012-08-13,1404.1099853515625,155.99000549316406
2012-08-14,1403.9300537109375,155.1300048828125
2012-08-15,1405.530029296875,155.6300048828125
2012-08-16,1415.510009765625,156.55999755859375
2012-08-17,1418.1600341796875,156.72000122070312
2012-08-20,1418.1300048828125,157.25999450683594
2012-08-21,1413.1700439453125,158.8300018310547
2012-08-22,1413.489990234375,160.5399932861328
2012-08-23,1402.0799560546875,161.88999938964844
2012-08-24,1411.1300048828125,161.97000122070312
2012-08-27,1410.43994140625,161.36000061035156
2012-08-28,1409.300048828125,161.63999938964844
2012-08-29,1410.489990234375,160.58999633789062
2012-08-30,1399.47998046875,160.52000427246094
2012-08-31,1406.5799560546875,164.22000122070312
2012-09-04,1404.93994140625,164.47999572753906
2012-09-05,1403.43994140625,164.30999755859375
2012-09-06,1432.1199951171875,164.88999938964844
2012-09-07,1437.9200439453125,168.44000244140625
2012-09-10,1429.0799560546875,167.2899932861328
2012-09-11,1433.56005859375,167.89999389648438
2012-09-12,1436.56005859375,167.9199981689453
2012-09-13,1459.989990234375,171.30999755859375
2012-09-14,1465.77001953125,171.8000030517578
2012-09-17,1461.18994140625,170.39999389648438
2012-09-18,1459.3199462890625,171.72000122070312
2012-09-19,1461.050048828125,171.74000549316406
2012-09-20,1460.260009765625,171.47000122070312
2012-09-21,1460.1500244140625,171.9600067138672
2012-09-24,1456.8900146484375,171.0500030517578
2012-09-25,1441.5899658203125,170.77000427246094
2012-09-26,1433.3199462890625,169.80999755859375
2012-09-27,1447.1500244140625,172.33999633789062
2012-09-28,1440.6700439453125,171.88999938964844
2012-10-01,1444.489990234375,172.2899932861328
2012-10-02,1445.75,172.10000610351562
2012-10-03,1450.989990234375,172.41000366210938
2012-10-04,1461.4000244140625,173.61000061035156
2012-10-05,1460.9300537109375,172.6199951171875
2012-10-08,1455.8800048828125,172.0500030517578
2012-10-09,1441.47998046875,170.99000549316406
2012-10-10,1432.56005859375,170.83999633789062
2012-10-11,1432.8399658203125,171.32000732421875
2012-10-12,1428.5899658203125,170.05999755859375
2012-10-15,1440.1300048828125,168.35000610351562
2012-10-16,1454.9200439453125,169.4199981689453
2012-10-17,1460.9100341796875,169.5399932861328
2012-10-18,1457.3399658203125,168.7899932861328
2012-10-19,1433.18994140625,166.97000122070312
2012-10-22,1433.8199462890625,167.5800018310547
2012-10-23,1413.1099853515625,165.42999267578125
2012-10-24,1408.75,164.86000061035156
2012-10-25,1412.969970703125,166.02000427246094
2012-10-26,1411.93994140625,165.92999267578125
2012-10-31,1412.1600341796875,166.8300018310547
2012-11-01,1427.5899658203125,166.07000732421875
2012-11-02,1414.199951171875,162.60000610351562
2012-11-05,1417.260009765625,163.22999572753906
2012-11-06,1428.3900146484375,166.3000030517578
2012-11-07,1394.530029296875,166.49000549316406
2012-11-08,1377.510009765625,167.99000549316406
2012-11-09,1379.8499755859375,167.82000732421875
2012-11-12,1380.030029296875,167.4499969482422
2012-11-13,1374.530029296875,167.10000610351562
2012-11-14,1355.489990234375,167.13999938964844
2012-11-15,1353.3299560546875,166.08999633789062
2012-11-16,1359.8800048828125,165.8800048828125
2012-11-19,1386.8900146484375,167.8699951171875
2012-11-20,1387.81005859375,167.38999938964844
2012-11-21,1391.030029296875,167.55999755859375
2012-11-23,1409.1500244140625,169.61000061035156
2012-11-26,1406.2900390625,169.42999267578125
2012-11-27,1398.93994140625,168.7100067138672
2012-11-28,1409.9300537109375,166.5500030517578
2012-11-29,1415.949951171875,167.17999267578125
2012-11-30,1416.1800537109375,166.0500030517578
2012-12-03,1409.4599609375,166.1300048828125
2012-12-04,1407.050048828125,164.4199981689453
2012-12-05,1409.280029296875,164.1199951171875
2012-12-06,1413.93994140625,164.5
2012-12-07,1418.0699462890625,165.16000366210938
2012-12-10,1418.550048828125,165.8000030517578
2012-12-11,1427.8399658203125,165.64999389648438
2012-12-12,1428.47998046875,165.77000427246094
2012-12-13,1419.449951171875,164.3699951171875
2012-12-14,1413.5799560546875,164.1300048828125
2012-12-17,1430.3599853515625,164.44000244140625
2012-12-18,1446.7900390625,162.0800018310547
2012-12-19,1435.81005859375,161.69000244140625
2012-12-20,1443.68994140625,159.72999572753906
2012-12-21,1430.1500244140625,160.3300018310547
2012-12-24,1426.6600341796875,160.6199951171875
2012-12-26,1419.8299560546875,160.77999877929688
2012-12-27,1418.0999755859375,161.16000366210938
2012-12-28,1402.4300537109375,160.5399932861328
2012-12-31,1426.18994140625,162.02000427246094
2013-01-02,1462.4200439453125,163.1699981689453
2013-01-03,1459.3699951171875,161.1999969482422
2013-01-04,1466.469970703125,160.44000244140625
2013-01-07,1461.8900146484375,159.42999267578125
2013-01-08,1457.1500244140625,160.55999755859375
2013-01-09,1461.02001953125,160.49000549316406
2013-01-10,1472.1199951171875,161.97999572753906
2013-01-11,1472.050048828125,161.05999755859375
2013-01-14,1470.6800537109375,161.5399932861328
2013-01-15,1472.3399658203125,162.55999755859375
2013-01-16,1472.6300048828125,162.64999389648438
2013-01-17,1480.93994140625,163.35000610351562
2013-01-18,1485.97998046875,163.08999633789062
2013-01-22,1492.56005859375,163.6699981689453
2013-01-23,1494.81005859375,163.2100067138672
2013-01-24,1494.8199462890625,161.4199981689453
2013-01-25,1502.9599609375,160.64999389648438
2013-01-28,1500.1800537109375,160.2899932861328
2013-01-29,1507.8399658203125,160.99000549316406
2013-01-30,1501.9599609375,162.19000244140625
2013-01-31,1498.1099853515625,161.1999969482422
2013-02-01,1513.1700439453125,161.4499969482422
2013-02-04,1495.7099609375,162.0
2013-02-05,1511.2900390625,161.9600067138672
2013-02-06,1512.1199951171875,162.38999938964844
2013-02-07,1509.3900146484375,161.83999633789062
2013-02-08,1517.9300537109375,161.57000732421875
2013-02-11,1517.010009765625,159.6999969482422
2013-02-12,1519.4300537109375,159.88999938964844
2013-02-13,1520.3299560546875,159.0500030517578
2013-02-14,1521.3800048828125,158.35000610351562
2013-02-15,1519.7900390625,155.75999450683594
2013-02-19,1530.93994140625,155.3300018310547
2013-02-20,1511.949951171875,151.44000244140625
2013-02-21,1502.4200439453125,152.6199951171875
2013-02-22,1515.5999755859375,152.97000122070312
2013-02-25,1487.8499755859375,154.33999633789062
2013-02-26,1496.93994140625,156.22000122070312
2013-02-27,1515.989990234375,154.57000732421875
2013-02-28,1514.6800537109375,153.0
2013-03-01,1518.199951171875,152.44000244140625
2013-03-04,1525.199951171875,152.3000030517578
2013-03-05,1539.7900390625,152.3800048828125
2013-03-06,1541.4599609375,153.22999572753906
2013-03-07,1544.260009765625,152.69000244140625
2013-03-08,1551.1800537109375,152.7100067138672
2013-03-11,1556.219970703125,152.99000549316406
2013-03-12,1552.47998046875,154.19000244140625
2013-03-13,1554.52001953125,153.66000366210938
2013-03-14,1563.22998046875,153.67999267578125
2013-03-15,1560.699951171875,154.0
2013-03-18,1552.0999755859375,155.3800048828125
2013-03-19,1548.3399658203125,156.0800018310547
2013-03-20,1558.7099609375,155.3699951171875
2013-03-21,1545.800048828125,156.25
2013-03-22,1556.8900146484375,155.5500030517578
2013-03-25,1551.68994140625,155.24000549316406
2013-03-26,1563.77001953125,154.72000122070312
2013-03-27,1562.8499755859375,155.36000061035156
2013-03-28,1569.18994140625,154.4499969482422
2013-04-01,1562.1700439453125,154.6699981689453
2013-04-02,1570.25,152.42999267578125
2013-04-03,1553.68994140625,150.72999572753906
2013-04-04,1559.97998046875,150.2899932861328
2013-04-05,1553.280029296875,152.80999755859375
2013-04-08,1563.0699462890625,152.16000366210938
2013-04-09,1568.6099853515625,153.33999633789062
2013-04-10,1587.72998046875,150.75
2013-04-11,1593.3699951171875,151.0500030517578
2013-04-12,1588.8499755859375,143.9499969482422
2013-04-15,1552.3599853515625,131.30999755859375
2013-04-16,1574.5699462890625,132.8000030517578
2013-04-17,1552.010009765625,132.8699951171875
2013-04-18,1541.6099853515625,134.3000030517578
2013-04-19,1555.25,135.47000122070312
2013-04-22,1562.5,137.89999389648438
2013-04-23,1578.780029296875,136.8800048828125
2013-04-24,1578.7900390625,138.3699951171875
2013-04-25,1585.1600341796875,141.6300048828125
2013-04-26,1582.239990234375,140.91000366210938
2013-04-29,1593.6099853515625,142.3000030517578
2013-04-30,1597.5699462890625,142.77000427246094
2013-05-01,1582.699951171875,141.11000061035156
2013-05-02,1597.5899658203125,141.9199981689453
2013-05-03,1614.4200439453125,142.08999633789062
2013-05-06,1617.5,142.14999389648438
2013-05-07,1625.9599609375,140.3800048828125
2013-05-08,1632.68994140625,142.4600067138672
2013-05-09,1626.6700439453125,140.80999755859375
2013-05-10,1633.699951171875,139.60000610351562
2013-05-13,1633.77001953125,138.42999267578125
2013-05-14,1650.3399658203125,137.80999755859375
2013-05-15,1658.780029296875,134.6300048828125
2013-05-16,1650.469970703125,134.08999633789062
2013-05-17,1667.469970703125,131.07000732421875
2013-05-20,1666.2900390625,135.1199951171875
2013-05-21,1669.1600341796875,132.8800048828125
2013-05-22,1655.3499755859375,131.94000244140625
2013-05-23,1650.510009765625,134.61000061035156
2013-05-24,1649.5999755859375,133.75999450683594
2013-05-28,1660.06005859375,133.49000549316406
2013-05-29,1648.3599853515625,134.8300018310547
2013-05-30,1654.4100341796875,136.6999969482422
2013-05-31,1630.739990234375,133.9199981689453
2013-06-03,1640.4200439453125,136.50999450683594
2013-06-04,1631.3800048828125,135.22999572753906
2013-06-05,1608.9000244140625,135.52000427246094
2013-06-06,1622.56005859375,136.52999877929688
2013-06-07,1643.3800048828125,133.27999877929688
2013-06-10,1642.81005859375,133.94000244140625
2013-06-11,1626.1300048828125,133.25
2013-06-12,1612.52001953125,134.25
2013-06-13,1636.3599853515625,133.74000549316406
2013-06-14,1626.72998046875,134.42999267578125
2013-06-17,1639.0400390625,133.77000427246094
2013-06-18,1651.81005859375,132.1300048828125
2013-06-19,1628.9300537109375,130.58999633789062
2013-06-20,1588.18994140625,123.5999984741211
2013-06-21,1592.4300537109375,125.05000305175781
2013-06-24,1573.0899658203125,123.93000030517578
2013-06-25,1588.030029296875,123.47000122070312
2013-06-26,1603.260009765625,118.27999877929688
2013-06-27,1613.199951171875,115.94000244140625
2013-06-28,1606.280029296875,119.11000061035156
2013-07-01,1614.9599609375,121.12999725341797
2013-07-02,1614.0799560546875,120.05000305175781
2013-07-03,1615.4100341796875,120.73999786376953
2013-07-05,1631.8900146484375,118.08999633789062
2013-07-08,1640.4599609375,119.51000213623047
2013-07-09,1652.3199462890625,120.62000274658203
2013-07-10,1652.6199951171875,120.94999694824219
2013-07-11,1675.02001953125,124.23999786376953
2013-07-12,1680.18994140625,124.12999725341797
2013-07-15,1682.5,124.18000030517578
2013-07-16,1676.260009765625,124.88999938964844
2013-07-17,1680.9100341796875,123.31999969482422
2013-07-18,1689.3699951171875,124.01000213623047
2013-07-19,1692.0899658203125,125.11000061035156
2013-07-22,1695.530029296875,128.83999633789062
2013-07-23,1692.3900146484375,129.7100067138672
2013-07-24,1685.93994140625,127.4800033569336
2013-07-25,1690.25,128.6699981689453
2013-07-26,1691.6500244140625,128.77999877929688
2013-07-29,1685.3299560546875,128.47000122070312
2013-07-30,1685.9599609375,128.1199951171875
2013-07-31,1685.72998046875,127.95999908447266
2013-08-01,1706.8699951171875,126.61000061035156
2013-08-02,1709.6700439453125,126.36000061035156
2013-08-05,1707.1400146484375,125.69999694824219
2013-08-06,1697.3699951171875,123.97000122070312
2013-08-07,1690.9100341796875,124.1500015258789
2013-08-08,1697.47998046875,126.86000061035156
2013-08-09,1691.4200439453125,126.86000061035156
2013-08-12,1689.469970703125,129.1300048828125
2013-08-13,1694.1600341796875,127.73999786376953
2013-08-14,1685.3900146484375,129.0
2013-08-15,1661.3199462890625,131.69000244140625
2013-08-16,1655.8299560546875,132.5800018310547
2013-08-19,1646.06005859375,132.00999450683594
2013-08-20,1652.3499755859375,132.4499969482422
2013-08-21,1642.800048828125,132.07000732421875
2013-08-22,1656.9599609375,132.80999755859375
2013-08-23,1663.5,134.89999389648438
2013-08-26,1656.780029296875,135.4499969482422
2013-08-27,1630.47998046875,136.75
2013-08-28,1634.9599609375,136.7100067138672
2013-08-29,1638.1700439453125,135.8699951171875
2013-08-30,1632.969970703125,134.6199951171875
2013-09-03,1639.77001953125,136.4199981689453
2013-09-04,1653.0799560546875,134.66000366210938
2013-09-05,1655.0799560546875,132.1999969482422
2013-09-06,1655.1700439453125,134.14999389648438
2013-09-09,1671.7099609375,133.91000366210938
2013-09-10,1683.989990234375,131.74000549316406
2013-09-11,1689.1300048828125,131.6999969482422
2013-09-12,1683.4200439453125,127.66999816894531
2013-09-13,1687.989990234375,127.81999969482422
2013-09-16,1697.5999755859375,126.44999694824219
2013-09-17,1704.760009765625,126.5
2013-09-18,1725.52001953125,132.00999450683594
2013-09-19,1722.3399658203125,131.75
2013-09-20,1709.9100341796875,127.95999908447266
2013-09-23,1701.8399658203125,127.55000305175781
2013-09-24,1697.4200439453125,127.66000366210938
2013-09-25,1692.77001953125,128.7899932861328
2013-09-26,1698.6700439453125,127.79000091552734
2013-09-27,1691.75,128.97000122070312
2013-09-30,1681.550048828125,128.17999267578125
2013-10-01,1695.0,124.58999633789062
2013-10-02,1693.8699951171875,127.05999755859375
2013-10-03,1678.6600341796875,127.18000030517578
2013-10-04,1690.5,126.52999877929688
2013-10-07,1676.1199951171875,127.63999938964844
2013-10-08,1655.449951171875,127.4000015258789
2013-10-09,1656.4000244140625,126.11000061035156
2013-10-10,1692.56005859375,124.2699966430664
2013-10-11,1703.199951171875,122.5999984741211
2013-10-14,1710.1400146484375,122.83000183105469
2013-10-15,1698.06005859375,123.7300033569336
2013-10-16,1721.5400390625,123.54000091552734
2013-10-17,1733.1500244140625,127.41999816894531
2013-10-18,1744.5,126.8499984741211
2013-10-21,1744.6600341796875,126.9800033569336
2013-10-22,1754.6700439453125,129.33999633789062
2013-10-23,1746.3800048828125,128.69000244140625
2013-10-24,1752.0699462890625,129.89999389648438
2013-10-25,1759.77001953125,130.4600067138672
2013-10-28,1762.1099853515625,130.55999755859375
2013-10-29,1771.949951171875,129.77000427246094
2013-10-30,1763.31005859375,129.60000610351562
2013-10-31,1756.5400390625,127.73999786376953
2013-11-01,1761.6400146484375,126.94999694824219
2013-11-04,1767.9300537109375,126.80999755859375
2013-11-05,1762.969970703125,126.55999755859375
2013-11-06,1770.489990234375,127.19999694824219
2013-11-07,1747.1500244140625,126.16000366210938
2013-11-08,1770.6099853515625,124.27999877929688
2013-11-11,1771.8900146484375,123.87000274658203
2013-11-12,1767.68994140625,122.44999694824219
2013-11-13,1782.0,122.8499984741211
2013-11-14,1790.6199951171875,124.2699966430664
2013-11-15,1798.1800537109375,124.31999969482422
2013-11-18,1791.530029296875,122.9000015258789
2013-11-19,1787.8699951171875,122.94999694824219
2013-11-20,1781.3699951171875,120.12000274658203
2013-11-21,1795.8499755859375,119.94000244140625
2013-11-22,1804.760009765625,119.91999816894531
2013-11-25,1802.47998046875,120.45999908447266
2013-11-26,1802.75,119.81999969482422
2013-11-27,1807.22998046875,119.45999908447266
2013-11-29,1805.81005859375,120.69999694824219
2013-12-02,1800.9000244140625,117.58000183105469
2013-12-03,1795.1500244140625,117.95999908447266
2013-12-04,1792.81005859375,119.95999908447266
2013-12-05,1785.030029296875,118.30000305175781
2013-12-06,1805.0899658203125,118.55000305175781
2013-12-09,1808.3699951171875,119.72000122070312
2013-12-10,1802.6199951171875,121.81999969482422
2013-12-11,1782.219970703125,120.86000061035156
2013-12-12,1775.5,118.29000091552734
2013-12-13,1775.3199462890625,119.37999725341797
2013-12-16,1786.5400390625,119.69000244140625
2013-12-17,1781.0,118.6500015258789
2013-12-18,1810.6500244140625,117.61000061035156
2013-12-19,1809.5999755859375,114.81999969482422
2013-12-20,1818.3199462890625,115.94000244140625
2013-12-23,1827.989990234375,115.56999969482422
2013-12-24,1833.3199462890625,116.0999984741211
2013-12-26,1842.02001953125,116.73999786376953
2013-12-27,1841.4000244140625,117.12000274658203
2013-12-30,1841.0699462890625,115.38999938964844
2013-12-31,1848.3599853515625,116.12000274658203
2014-01-02,1831.97998046875,118.0
2014-01-03,1831.3699951171875,119.29000091552734
2014-01-06,1826.77001953125,119.5
2014-01-07,1837.8800048828125,118.81999969482422
2014-01-08,1837.489990234375,118.12000274658203
2014-01-09,1838.1300048828125,118.45999908447266
2014-01-10,1842.3699951171875,120.26000213623047
2014-01-13,1819.199951171875,121.0199966430664
2014-01-14,1838.8800048828125,119.88999938964844
2014-01-15,1848.3800048828125,119.66000366210938
2014-01-16,1845.8900146484375,119.79000091552734
2014-01-17,1838.699951171875,120.93000030517578
2014-01-21,1843.800048828125,119.69999694824219
2014-01-22,1844.8599853515625,119.19000244140625
2014-01-23,1828.4599609375,121.79000091552734
2014-01-24,1790.2900390625,122.29000091552734
2014-01-27,1781.56005859375,120.95999908447266
2014-01-28,1792.5,120.94999694824219
2014-01-29,1774.199951171875,122.47000122070312
2014-01-30,1794.18994140625,119.7699966430664
2014-01-31,1782.5899658203125,120.08999633789062
2014-02-03,1741.8900146484375,121.31999969482422
2014-02-04,1755.199951171875,120.98999786376953
2014-02-05,1751.6400146484375,121.29000091552734
2014-02-06,1773.4300537109375,121.23999786376953
2014-02-07,1797.02001953125,122.16999816894531
2014-02-10,1799.8399658203125,122.91999816894531
2014-02-11,1819.75,124.36000061035156
2014-02-12,1819.260009765625,124.43000030517578
2014-02-13,1829.8299560546875,125.48999786376953
2014-02-14,1838.6300048828125,127.1500015258789
2014-02-18,1840.760009765625,127.4000015258789
2014-02-19,1828.75,126.2699966430664
2014-02-20,1839.780029296875,127.5999984741211
2014-02-21,1836.25,127.58000183105469
2014-02-24,1847.6099853515625,128.99000549316406
2014-02-25,1845.1199951171875,129.2100067138672
2014-02-26,1845.1600341796875,128.11000061035156
2014-02-27,1854.2900390625,128.1999969482422
2014-02-28,1859.449951171875,127.62000274658203
2014-03-03,1845.72998046875,130.2899932861328
2014-03-04,1873.9100341796875,128.67999267578125
2014-03-05,1873.81005859375,128.88999938964844
2014-03-06,1877.030029296875,130.1699981689453
2014-03-07,1878.0400390625,129.08999633789062
2014-03-10,1877.1700439453125,129.1300048828125
2014-03-11,1867.6300048828125,129.86000061035156
2014-03-12,1868.199951171875,131.75999450683594
2014-03-13,1846.3399658203125,132.2100067138672
2014-03-14,1841.1300048828125,133.10000610351562
2014-03-17,1858.8299560546875,131.63999938964844
2014-03-18,1872.25,130.6199951171875
2014-03-19,1860.77001953125,128.08999633789062
2014-03-20,1872.010009765625,127.86000061035156
2014-03-21,1866.52001953125,128.47000122070312
2014-03-24,1857.43994140625,126.18000030517578
2014-03-25,1865.6199951171875,126.41000366210938
2014-03-26,1852.56005859375,125.41000366210938
2014-03-27,1849.0400390625,124.58999633789062
2014-03-28,1857.6199951171875,124.55999755859375
2014-03-31,1872.3399658203125,123.61000061035156
2014-04-01,1885.52001953125,123.38999938964844
2014-04-02,1890.9000244140625,124.31999969482422
2014-04-03,1888.77001953125,123.91999816894531
2014-04-04,1865.0899658203125,125.56999969482422
2014-04-07,1845.0400390625,124.91000366210938
2014-04-08,1851.9599609375,126.08999633789062
2014-04-09,1872.1800537109375,126.31999969482422
2014-04-10,1833.0799560546875,127.01000213623047
2014-04-11,1815.68994140625,126.93000030517578
2014-04-14,1830.6099853515625,127.8499984741211
2014-04-15,1842.97998046875,125.48999786376953
2014-04-16,1862.31005859375,125.54000091552734
2014-04-17,1864.8499755859375,124.75
2014-04-21,1871.8900146484375,124.23999786376953
2014-04-22,1879.550048828125,123.77999877929688
2014-04-23,1875.3900146484375,123.76000213623047
2014-04-24,1878.6099853515625,124.55999755859375
2014-04-25,1863.4000244140625,125.43000030517578
2014-04-28,1869.4300537109375,124.87999725341797
2014-04-29,1878.3299560546875,124.86000061035156
2014-04-30,1883.949951171875,124.22000122070312
2014-05-01,1883.6800537109375,123.80000305175781
2014-05-02,1881.1400146484375,125.05999755859375
2014-05-05,1884.6600341796875,126.22000122070312
2014-05-06,1867.719970703125,125.9800033569336
2014-05-07,1878.2099609375,124.16999816894531
2014-05-08,1875.6300048828125,124.16999816894531
2014-05-09,1878.47998046875,124.0999984741211
2014-05-12,1896.6500244140625,124.94000244140625
2014-05-13,1897.449951171875,124.5999984741211
2014-05-14,1888.530029296875,125.80999755859375
2014-05-15,1870.8499755859375,124.7699966430664
2014-05-16,1877.8599853515625,124.5
2014-05-19,1885.0799560546875,124.58000183105469
2014-05-20,1872.8299560546875,124.69000244140625
2014-05-21,1888.030029296875,124.38999938964844
2014-05-22,1892.489990234375,124.66999816894531
2014-05-23,1900.530029296875,124.51000213623047
2014-05-27,1911.9100341796875,121.8499984741211
2014-05-28,1909.780029296875,121.19999694824219
2014-05-29,1920.030029296875,120.94000244140625
2014-05-30,1923.5699462890625,120.43000030517578
2014-06-02,1924.969970703125,119.69999694824219
2014-06-03,1924.239990234375,120.01000213623047
2014-06-04,1927.8800048828125,119.76000213623047
2014-06-05,1940.4599609375,120.66000366210938
2014-06-06,1949.43994140625,120.61000061035156
2014-06-09,1951.27001953125,120.6500015258789
2014-06-10,1950.7900390625,121.38999938964844
2014-06-11,1943.8900146484375,121.41000366210938
2014-06-12,1930.1099853515625,122.63999938964844
2014-06-13,1936.1600341796875,122.95999908447266
2014-06-16,1937.780029296875,122.41999816894531
2014-06-17,1941.989990234375,122.27999877929688
2014-06-18,1956.97998046875,122.66999816894531
2014-06-19,1959.47998046875,126.94000244140625
2014-06-20,1962.8699951171875,126.5
2014-06-23,1962.6099853515625,126.8499984741211
2014-06-24,1949.97998046875,126.9800033569336
2014-06-25,1959.530029296875,126.98999786376953
2014-06-26,1957.219970703125,126.7300033569336
2014-06-27,1960.9599609375,126.66000366210938
2014-06-30,1960.22998046875,128.0399932861328
2014-07-01,1973.3199462890625,127.69999694824219
2014-07-02,1974.6199951171875,127.69999694824219
2014-07-03,1985.43994140625,127.16000366210938
2014-07-07,1977.6500244140625,127.0199966430664
2014-07-08,1963.7099609375,127.06999969482422
2014-07-09,1972.8299560546875,127.83999633789062
2014-07-10,1964.6800537109375,128.5399932861328
2014-07-11,1967.5699462890625,128.77999877929688
2014-07-14,1977.0999755859375,125.72000122070312
2014-07-15,1973.280029296875,124.52999877929688
2014-07-16,1981.5699462890625,124.97000122070312
2014-07-17,1958.1199951171875,127.08999633789062
2014-07-18,1978.219970703125,126.12999725341797
2014-07-21,1973.6300048828125,126.33999633789062
2014-07-22,1983.530029296875,125.73999786376953
2014-07-23,1987.010009765625,125.62000274658203
2014-07-24,1987.97998046875,124.3499984741211
2014-07-25,1978.3399658203125,125.79000091552734
2014-07-28,1978.9100341796875,125.58000183105469
2014-07-29,1969.949951171875,125.19999694824219
2014-07-30,1970.0699462890625,124.83000183105469
2014-07-31,1930.6700439453125,123.38999938964844
2014-08-01,1925.1500244140625,124.37999725341797
2014-08-04,1938.989990234375,123.98999786376953
2014-08-05,1920.2099609375,123.87000274658203
2014-08-06,1920.239990234375,125.66999816894531
2014-08-07,1909.5699462890625,126.18000030517578
2014-08-08,1931.5899658203125,126.19000244140625
2014-08-11,1936.9200439453125,125.95999908447266
2014-08-12,1933.75,125.98999786376953
2014-08-13,1946.719970703125,126.19999694824219
2014-08-14,1955.1800537109375,126.30999755859375
2014-08-15,1955.06005859375,125.4800033569336
2014-08-18,1971.739990234375,124.95999908447266
2014-08-19,1981.5999755859375,124.68000030517578
2014-08-20,1986.510009765625,124.22000122070312
2014-08-21,1992.3699951171875,122.87999725341797
2014-08-22,1988.4000244140625,123.19000244140625
2014-08-25,1997.9200439453125,122.73999786376953
2014-08-26,2000.02001953125,123.3499984741211
2014-08-27,2000.1199951171875,123.31999969482422
2014-08-28,1996.739990234375,124.0
2014-08-29,2003.3699951171875,123.86000061035156
2014-09-02,2002.280029296875,121.6500015258789
2014-09-03,2000.719970703125,122.1500015258789
2014-09-04,1997.6500244140625,121.4800033569336
2014-09-05,2007.7099609375,122.05999755859375
2014-09-08,2001.5400390625,120.7300033569336
2014-09-09,1988.43994140625,120.87000274658203
2014-09-10,1995.68994140625,120.26000213623047
2014-09-11,1997.449951171875,119.47000122070312
2014-09-12,1985.5400390625,118.37999725341797
2014-09-15,1984.1300048828125,118.63999938964844
2014-09-16,1998.97998046875,118.83000183105469
2014-09-17,2001.5699462890625,117.54000091552734
2014-09-18,2011.3599853515625,117.77999877929688
2014-09-19,2010.4000244140625,117.08999633789062
2014-09-22,1994.2900390625,116.8499984741211
2014-09-23,1982.77001953125,117.5999984741211
2014-09-24,1998.300048828125,117.05000305175781
2014-09-25,1965.989990234375,117.38999938964844
2014-09-26,1982.8499755859375,117.05999755859375
2014-09-29,1977.800048828125,117.02999877929688
2014-09-30,1972.2900390625,116.20999908447266
2014-10-01,1946.1600341796875,116.7699966430664
2014-10-02,1946.1700439453125,116.73999786376953
2014-10-03,1967.9000244140625,114.61000061035156
2014-10-06,1964.8199462890625,116.02999877929688
2014-10-07,1935.0999755859375,116.36000061035156
2014-10-08,1968.8900146484375,117.47000122070312
2014-10-09,1928.2099609375,117.63999938964844
2014-10-10,1906.1300048828125,117.58999633789062
2014-10-13,1874.739990234375,118.5199966430664
2014-10-14,1877.699951171875,118.58999633789062
2014-10-15,1862.489990234375,118.98999786376953
2014-10-16,1862.760009765625,119.22000122070312
2014-10-17,1886.760009765625,118.98999786376953
2014-10-20,1904.010009765625,119.80000305175781
2014-10-21,1941.280029296875,120.0199966430664
2014-10-22,1927.1099853515625,119.33999633789062
2014-10-23,1950.8199462890625,118.5199966430664
2014-10-24,1964.5799560546875,118.3499984741211
2014-10-27,1961.6300048828125,118.05999755859375
2014-10-28,1985.050048828125,118.0999984741211
2014-10-29,1982.300048828125,116.41000366210938
2014-10-30,1994.6500244140625,115.19000244140625
2014-10-31,2018.050048828125,112.66000366210938
2014-11-03,2017.81005859375,112.1500015258789
2014-11-04,2012.0999755859375,112.22000122070312
2014-11-05,2023.5699462890625,109.79000091552734
2014-11-06,2031.2099609375,109.87999725341797
2014-11-07,2031.9200439453125,112.97000122070312
2014-11-10,2038.260009765625,110.45999908447266
2014-11-11,2039.6800537109375,112.04000091552734
2014-11-12,2038.25,111.5
2014-11-13,2039.3299560546875,111.66999816894531
2014-11-14,2039.8199462890625,114.47000122070312
2014-11-17,2041.3199462890625,114.05000305175781
2014-11-18,2051.800048828125,115.05000305175781
2014-11-19,2048.719970703125,113.68000030517578
2014-11-20,2052.75,114.86000061035156
2014-11-21,2063.5,115.38999938964844
2014-11-24,2069.409912109375,115.11000061035156
2014-11-25,2067.030029296875,115.37999725341797
2014-11-26,2072.830078125,115.16000366210938
2014-11-28,2067.56005859375,112.11000061035156
2014-12-01,2053.43994140625,116.58000183105469
2014-12-02,2066.550048828125,115.13999938964844
2014-12-03,2074.330078125,116.33000183105469
2014-12-04,2071.919921875,115.87999725341797
2014-12-05,2075.3701171875,114.43000030517578
2014-12-08,2060.31005859375,115.77999877929688
2014-12-09,2059.820068359375,118.19000244140625
2014-12-10,2026.1400146484375,117.95999908447266
2014-12-11,2035.3299560546875,117.69000244140625
2014-12-12,2002.3299560546875,117.41000366210938
2014-12-15,1989.6300048828125,114.38999938964844
2014-12-16,1972.739990234375,114.94999694824219
2014-12-17,2012.8900146484375,114.2699966430664
2014-12-18,2061.22998046875,115.1500015258789
2014-12-19,2070.64990234375,114.7699966430664
2014-12-22,2078.5400390625,112.55000305175781
2014-12-23,2082.169921875,112.73999786376953
2014-12-24,2081.8798828125,112.7699966430664
2014-12-26,2088.77001953125,114.83000183105469
2014-12-29,2090.570068359375,113.66999816894531
2014-12-30,2080.35009765625,115.19999694824219
2014-12-31,2058.89990234375,113.58000183105469
2015-01-02,2058.199951171875,114.08000183105469
2015-01-05,2020.5799560546875,115.80000305175781
2015-01-06,2002.6099853515625,117.12000274658203
2015-01-07,2025.9000244140625,116.43000030517578
2015-01-08,2062.139892578125,115.94000244140625
2015-01-09,2044.81005859375,117.26000213623047
2015-01-12,2028.260009765625,118.55999755859375
2015-01-13,2023.030029296875,118.16000366210938
2015-01-14,2011.27001953125,117.97000122070312
2015-01-15,1992.6700439453125,120.94000244140625
2015-01-16,2019.4200439453125,122.5199966430664
2015-01-20,2022.550048828125,124.19999694824219
2015-01-21,2032.1199951171875,124.2300033569336
2015-01-22,2063.14990234375,125.2300033569336
2015-01-23,2051.820068359375,124.2300033569336
2015-01-26,2057.090087890625,122.98999786376953
2015-01-27,2029.550048828125,124.4000015258789
2015-01-28,2002.1600341796875,123.41999816894531
2015-01-29,2021.25,120.76000213623047
2015-01-30,1994.989990234375,123.44999694824219
2015-02-02,2020.8499755859375,122.41999816894531
2015-02-03,2050.030029296875,121.05000305175781
2015-02-04,2041.510009765625,121.58000183105469
2015-02-05,2062.52001953125,121.79000091552734
2015-02-06,2055.469970703125,118.63999938964844
2015-02-09,2046.739990234375,119.16999816894531
2015-02-10,2068.590087890625,118.47000122070312
2015-02-11,2068.530029296875,117.06999969482422
2015-02-12,2088.47998046875,117.33999633789062
2015-02-13,2096.989990234375,117.9800033569336
2015-02-17,2100.340087890625,116.01000213623047
2015-02-18,2099.679931640625,116.33999633789062
2015-02-19,2097.449951171875,115.94000244140625
2015-02-20,2110.300048828125,115.27999877929688
2015-02-23,2109.659912109375,115.43000030517578
2015-02-24,2115.47998046875,115.26000213623047
2015-02-25,2113.860107421875,115.69999694824219
2015-02-26,2110.739990234375,116.06999969482422
2015-02-27,2104.5,116.16000366210938
2015-03-02,2117.389892578125,115.68000030517578
2015-03-03,2107.780029296875,115.47000122070312
2015-03-04,2098.530029296875,115.11000061035156
2015-03-05,2101.0400390625,115.0
2015-03-06,2071.260009765625,111.86000061035156
2015-03-09,2079.429931640625,111.97000122070312
2015-03-10,2044.1600341796875,111.41999816894531
2015-03-11,2040.239990234375,110.75
2015-03-12,2065.949951171875,110.72000122070312
2015-03-13,2053.39990234375,110.87999725341797
2015-03-16,2081.18994140625,110.80999755859375
2015-03-17,2074.280029296875,110.20999908447266
2015-03-18,2099.5,112.37000274658203
2015-03-19,2089.27001953125,112.29000091552734
2015-03-20,2108.10009765625,113.56999969482422
2015-03-23,2104.419921875,114.29000091552734
2015-03-24,2091.5,114.56999969482422
2015-03-25,2061.050048828125,114.7300033569336
2015-03-26,2056.14990234375,115.4800033569336
2015-03-27,2061.02001953125,115.05999755859375
2015-03-30,2086.239990234375,113.75
2015-03-31,2067.889892578125,113.66000366210938
2015-04-01,2059.68994140625,115.5999984741211
2015-04-02,2066.9599609375,115.27999877929688
2015-04-06,2080.6201171875,116.69000244140625
2015-04-07,2076.330078125,116.11000061035156
2015-04-08,2081.89990234375,115.47000122070312
2015-04-09,2091.179931640625,114.66999816894531
2015-04-10,2102.06005859375,115.97000122070312
2015-04-13,2092.429931640625,115.13999938964844
2015-04-14,2095.840087890625,114.44000244140625
2015-04-15,2106.6298828125,115.43000030517578
2015-04-16,2104.989990234375,115.02999877929688
2015-04-17,2081.179931640625,115.5999984741211
2015-04-20,2100.39990234375,114.72000122070312
2015-04-21,2097.2900390625,115.37999725341797
2015-04-22,2107.9599609375,113.83000183105469
2015-04-23,2112.929931640625,114.66000366210938
2015-04-24,2117.68994140625,113.05000305175781
2015-04-27,2108.919921875,115.33000183105469
2015-04-28,2114.760009765625,116.33000183105469
2015-04-29,2106.85009765625,115.51000213623047
2015-04-30,2085.510009765625,113.47000122070312
2015-05-01,2108.2900390625,113.08000183105469
2015-05-04,2114.489990234375,114.0999984741211
2015-05-05,2089.4599609375,114.41999816894531
2015-05-06,2080.14990234375,114.36000061035156
2015-05-07,2088.0,113.41999816894531
2015-05-08,2116.10009765625,113.97000122070312
2015-05-11,2105.330078125,113.52999877929688
2015-05-12,2099.1201171875,114.5
2015-05-13,2098.47998046875,116.55000305175781
2015-05-14,2121.10009765625,117.18000030517578
2015-05-15,2122.72998046875,117.52999877929688
2015-05-18,2129.199951171875,117.5199966430664
2015-05-19,2127.830078125,115.88999938964844
2015-05-20,2125.85009765625,116.08000183105469
2015-05-21,2130.820068359375,115.69000244140625
2015-05-22,2126.06005859375,115.5999984741211
2015-05-26,2104.199951171875,113.91000366210938
2015-05-27,2123.47998046875,113.88999938964844
2015-05-28,2120.7900390625,114.0199966430664
2015-05-29,2107.389892578125,114.0999984741211
2015-06-01,2111.72998046875,114.0
2015-06-02,2109.60009765625,114.45999908447266
2015-06-03,2114.070068359375,113.63999938964844
2015-06-04,2095.840087890625,112.83999633789062
2015-06-05,2092.830078125,112.23999786376953
2015-06-08,2079.280029296875,112.56999969482422
2015-06-09,2080.14990234375,112.81999969482422
2015-06-10,2105.199951171875,113.77999877929688
2015-06-11,2108.860107421875,113.26000213623047
2015-06-12,2094.110107421875,113.2300033569336
2015-06-15,2084.429931640625,113.7300033569336
2015-06-16,2096.2900390625,113.31999969482422
2015-06-17,2100.43994140625,113.8499984741211
2015-06-18,2121.239990234375,115.31999969482422
2015-06-19,2109.989990234375,115.12000274658203
2015-06-22,2122.85009765625,113.63999938964844
2015-06-23,2124.199951171875,112.88999938964844
2015-06-24,2108.580078125,112.58999633789062
2015-06-25,2102.31005859375,112.44000244140625
2015-06-26,2101.489990234375,112.55999755859375
2015-06-29,2057.639892578125,113.06999969482422
2015-06-30,2063.110107421875,112.37000274658203
2015-07-01,2077.419921875,111.9800033569336
2015-07-02,2076.780029296875,111.76000213623047
2015-07-06,2068.760009765625,112.05999755859375
2015-07-07,2081.340087890625,110.76000213623047
2015-07-08,2046.6800537109375,111.08999633789062
2015-07-09,2051.31005859375,111.36000061035156
2015-07-10,2076.6201171875,111.48999786376953
2015-07-13,2099.60009765625,110.98999786376953
2015-07-14,2108.949951171875,110.73999786376953
2015-07-15,2107.39990234375,110.16000366210938
2015-07-16,2124.2900390625,109.76000213623047
2015-07-17,2126.639892578125,108.6500015258789
2015-07-20,2128.280029296875,105.69999694824219
2015-07-21,2119.2099609375,105.37000274658203
2015-07-22,2114.14990234375,104.80000305175781
2015-07-23,2102.14990234375,104.33000183105469
2015-07-24,2079.64990234375,105.3499984741211
2015-07-27,2067.639892578125,104.86000061035156
2015-07-28,2093.25,105.0199966430664
2015-07-29,2108.570068359375,105.16999816894531
2015-07-30,2108.6298828125,104.2699966430664
2015-07-31,2103.840087890625,104.93000030517578
2015-08-03,2098.0400390625,104.0999984741211
2015-08-04,2093.320068359375,104.30999755859375
2015-08-05,2099.840087890625,103.93000030517578
2015-08-06,2083.56005859375,104.38999938964844
2015-08-07,2077.570068359375,104.6500015258789
2015-08-10,2104.179931640625,105.72000122070312
2015-08-11,2084.070068359375,106.26000213623047
2015-08-12,2086.050048828125,107.75
2015-08-13,2083.389892578125,106.86000061035156
2015-08-14,2091.5400390625,106.8499984741211
2015-08-17,2102.43994140625,107.12999725341797
2015-08-18,2096.919921875,107.11000061035156
2015-08-19,2079.610107421875,108.55000305175781
2015-08-20,2035.72998046875,110.44000244140625
2015-08-21,1970.8900146484375,111.12999725341797
2015-08-24,1893.2099609375,110.52999877929688
2015-08-25,1867.6099853515625,109.16000366210938
2015-08-26,1940.510009765625,107.66999816894531
2015-08-27,1987.6600341796875,107.7300033569336
2015-08-28,1988.8699951171875,108.69999694824219
2015-08-31,1972.1800537109375,108.81999969482422
2015-09-01,1913.8499755859375,109.19999694824219
2015-09-02,1948.8599853515625,108.62000274658203
2015-09-03,1951.1300048828125,107.83999633789062
2015-09-04,1921.219970703125,107.48999786376953
2015-09-08,1969.4100341796875,107.5199966430664
2015-09-09,1942.0400390625,106.12999725341797
2015-09-10,1952.2900390625,106.37999725341797
2015-09-11,1961.050048828125,106.16000366210938
2015-09-14,1953.030029296875,106.22000122070312
2015-09-15,1978.0899658203125,105.9000015258789
2015-09-16,1995.31005859375,107.30999755859375
2015-09-17,1990.199951171875,108.41000366210938
2015-09-18,1958.030029296875,109.20999908447266
2015-09-21,1966.969970703125,108.52999877929688
2015-09-22,1942.739990234375,107.79000091552734
2015-09-23,1938.760009765625,108.22000122070312
2015-09-24,1932.239990234375,110.48999786376953
2015-09-25,1931.3399658203125,109.80999755859375
2015-09-28,1881.77001953125,108.41999816894531
2015-09-29,1884.0899658203125,107.9800033569336
2015-09-30,1920.030029296875,106.86000061035156
2015-10-01,1923.8199462890625,106.7300033569336
2015-10-02,1951.3599853515625,108.98999786376953
2015-10-05,1987.050048828125,108.7699966430664
2015-10-06,1979.9200439453125,109.86000061035156
2015-10-07,1995.8299560546875,109.69999694824219
2015-10-08,2013.4300537109375,109.13999938964844
2015-10-09,2014.8900146484375,110.87000274658203
2015-10-12,2017.4599609375,111.30999755859375
2015-10-13,2003.68994140625,111.86000061035156
2015-10-14,1994.239990234375,113.80999755859375
2015-10-15,2023.8599853515625,113.29000091552734
2015-10-16,2033.1099853515625,112.48999786376953
2015-10-19,2033.6600341796875,112.0199966430664
2015-10-20,2030.77001953125,112.7300033569336
2015-10-21,2018.93994140625,111.7300033569336
2015-10-22,2052.510009765625,111.69000244140625
2015-10-23,2075.14990234375,111.5
2015-10-26,2071.179931640625,111.43000030517578
2015-10-27,2065.889892578125,111.68000030517578
2015-10-28,2090.35009765625,110.77999877929688
2015-10-29,2089.409912109375,109.72000122070312
2015-10-30,2079.360107421875,109.30000305175781
2015-11-02,2104.050048828125,108.58999633789062
2015-11-03,2109.7900390625,106.9800033569336
2015-11-04,2102.31005859375,105.97000122070312
2015-11-05,2099.929931640625,105.63999938964844
2015-11-06,2099.199951171875,104.0999984741211
2015-11-09,2078.580078125,104.4000015258789
2015-11-10,2081.719970703125,104.18000030517578
2015-11-11,2075.0,103.83000183105469
2015-11-12,2045.969970703125,103.8499984741211
2015-11-13,2023.0400390625,103.55999755859375
2015-11-16,2053.18994140625,103.70999908447266
2015-11-17,2050.43994140625,102.33999633789062
2015-11-18,2083.580078125,102.43000030517578
2015-11-19,2081.239990234375,103.55999755859375
2015-11-20,2089.169921875,103.08999633789062
2015-11-23,2086.590087890625,102.26000213623047
2015-11-24,2089.139892578125,102.94000244140625
2015-11-25,2088.8701171875,102.45999908447266
2015-11-27,2090.110107421875,101.25
2015-11-30,2080.409912109375,101.91999816894531
2015-12-01,2102.6298828125,102.27999877929688
2015-12-02,2079.510009765625,100.69000244140625
2015-12-03,2049.6201171875,101.76000213623047
2015-12-04,2091.68994140625,104.0199966430664
2015-12-07,2077.070068359375,102.66999816894531
2015-12-08,2063.590087890625,102.83999633789062
2015-12-09,2047.6199951171875,102.63999938964844
2015-12-10,2052.22998046875,102.55000305175781
2015-12-11,2012.3699951171875,103.11000061035156
2015-12-14,2021.93994140625,101.79000091552734
2015-12-15,2043.4100341796875,101.5199966430664
2015-12-16,2073.070068359375,102.75
2015-12-17,2041.8900146484375,100.5
2015-12-18,2005.550048828125,102.04000091552734
2015-12-21,2021.1500244140625,103.1500015258789
2015-12-22,2038.969970703125,102.61000061035156
2015-12-23,2064.2900390625,102.30999755859375
2015-12-24,2060.989990234375,103.05000305175781
2015-12-28,2056.5,102.2699966430664
2015-12-29,2078.360107421875,102.19999694824219
2015-12-30,2063.360107421875,101.41999816894531
2015-12-31,2043.93994140625,101.45999908447266
2016-01-04,2012.6600341796875,102.88999938964844
2016-01-05,2016.7099609375,103.18000030517578
2016-01-06,1990.260009765625,104.66999816894531
2016-01-07,1943.0899658203125,106.1500015258789
2016-01-08,1922.030029296875,105.68000030517578
2016-01-11,1923.6700439453125,104.73999786376953
2016-01-12,1938.6800537109375,104.20999908447266
2016-01-13,1890.280029296875,104.72000122070312
2016-01-14,1921.8399658203125,103.0199966430664
2016-01-15,1880.3299560546875,104.08000183105469
2016-01-19,1881.3299560546875,103.9800033569336
2016-01-20,1859.3299560546875,105.37000274658203
2016-01-21,1868.989990234375,105.48999786376953
2016-01-22,1906.9000244140625,105.0
2016-01-25,1877.0799560546875,106.08000183105469
2016-01-26,1903.6300048828125,107.29000091552734
2016-01-27,1882.949951171875,107.69000244140625
2016-01-28,1893.3599853515625,106.54000091552734
2016-01-29,1940.239990234375,106.94999694824219
2016-02-01,1939.3800048828125,108.05000305175781
2016-02-02,1903.030029296875,108.08999633789062
2016-02-03,1912.530029296875,109.25
2016-02-04,1915.449951171875,110.56999969482422
2016-02-05,1880.050048828125,112.31999969482422
2016-02-08,1853.43994140625,113.83000183105469
2016-02-09,1852.2099609375,113.58000183105469
2016-02-10,1851.8599853515625,114.45999908447266
2016-02-11,1829.0799560546875,119.05999755859375
2016-02-12,1864.780029296875,118.36000061035156
2016-02-16,1895.5799560546875,114.7699966430664
2016-02-17,1926.8199462890625,115.4800033569336
2016-02-18,1917.8299560546875,118.29000091552734
2016-02-19,1917.780029296875,117.58000183105469
2016-02-22,1945.5,115.48999786376953
2016-02-23,1921.27001953125,117.22000122070312
2016-02-24,1929.800048828125,117.61000061035156
2016-02-25,1951.699951171875,117.91999816894531
2016-02-26,1948.050048828125,117.11000061035156
2016-02-29,1932.22998046875,118.63999938964844
2016-03-01,1978.3499755859375,117.7699966430664
2016-03-02,1986.449951171875,118.68000030517578
2016-03-03,1993.4000244140625,120.7300033569336
2016-03-04,1999.989990234375,120.54000091552734
2016-03-07,2001.760009765625,121.13999938964844
2016-03-08,1979.260009765625,120.58000183105469
2016-03-09,1989.260009765625,119.58000183105469
2016-03-10,1989.5699462890625,121.5
2016-03-11,2022.18994140625,119.41000366210938
2016-03-14,2019.6400146484375,117.87000274658203
2016-03-15,2015.9300537109375,117.95999908447266
2016-03-16,2027.219970703125,120.58999633789062
2016-03-17,2040.5899658203125,120.12999725341797
2016-03-18,2049.580078125,119.80000305175781
2016-03-21,2051.60009765625,118.95999908447266
2016-03-22,2049.800048828125,119.30999755859375
2016-03-23,2036.7099609375,116.61000061035156
2016-03-24,2035.93994140625,116.33000183105469
2016-03-28,2037.050048828125,116.5999984741211
2016-03-29,2055.010009765625,118.76000213623047
2016-03-30,2063.949951171875,117.0999984741211
2016-03-31,2059.739990234375,117.63999938964844
2016-04-01,2072.780029296875,116.93000030517578
2016-04-04,2066.1298828125,116.1500015258789
2016-04-05,2045.1700439453125,117.66000366210938
2016-04-06,2066.659912109375,116.94000244140625
2016-04-07,2041.9100341796875,118.61000061035156
2016-04-08,2047.5999755859375,118.43000030517578
2016-04-11,2041.989990234375,120.02999877929688
2016-04-12,2061.719970703125,120.05000305175781
2016-04-13,2082.419921875,118.7699966430664
2016-04-14,2082.780029296875,117.11000061035156
2016-04-15,2080.72998046875,117.91999816894531
2016-04-18,2094.340087890625,117.73999786376953
2016-04-19,2100.800048828125,119.58000183105469
2016-04-20,2102.39990234375,118.97000122070312
2016-04-21,2091.47998046875,119.41999816894531
2016-04-22,2091.580078125,117.88999938964844
2016-04-25,2087.7900390625,118.2300033569336
2016-04-26,2091.699951171875,118.69999694824219
2016-04-27,2095.14990234375,119.04000091552734
2016-04-28,2075.81005859375,121.29000091552734
2016-04-29,2065.300048828125,123.6500015258789
2016-05-02,2081.429931640625,123.23999786376953
2016-05-03,2063.3701171875,122.95999908447266
2016-05-04,2051.1201171875,122.20999908447266
2016-05-05,2050.6298828125,122.06999969482422
2016-05-06,2057.139892578125,123.18000030517578
2016-05-09,2058.68994140625,120.6500015258789
2016-05-10,2084.389892578125,120.9800033569336
2016-05-11,2064.4599609375,122.12000274658203
2016-05-12,2064.110107421875,121.16000366210938
2016-05-13,2046.6099853515625,121.70999908447266
2016-05-16,2066.659912109375,121.80000305175781
2016-05-17,2047.2099609375,122.22000122070312
2016-05-18,2047.6300048828125,120.0999984741211
2016-05-19,2040.0400390625,119.87000274658203
2016-05-20,2052.320068359375,119.70999908447266
2016-05-23,2048.0400390625,119.37000274658203
2016-05-24,2076.06005859375,117.30000305175781
2016-05-25,2090.5400390625,116.9800033569336
2016-05-26,2090.10009765625,116.58000183105469
2016-05-27,2099.06005859375,115.62000274658203
2016-05-31,2096.949951171875,116.05999755859375
2016-06-01,2099.330078125,115.94000244140625
2016-06-02,2105.260009765625,115.66999816894531
2016-06-03,2099.1298828125,118.87999725341797
2016-06-06,2109.409912109375,118.91999816894531
2016-06-07,2112.1298828125,118.81999969482422
2016-06-08,2119.1201171875,120.58000183105469
2016-06-09,2115.47998046875,121.25
2016-06-10,2096.070068359375,121.73999786376953
2016-06-13,2079.06005859375,122.63999938964844
2016-06-14,2075.320068359375,122.7699966430664
2016-06-15,2071.5,123.68000030517578
2016-06-16,2077.989990234375,122.37999725341797
2016-06-17,2071.219970703125,123.94999694824219
2016-06-20,2083.25,123.20999908447266
2016-06-21,2088.89990234375,120.83999633789062
2016-06-22,2085.449951171875,120.9000015258789
2016-06-23,2113.320068359375,120.11000061035156
2016-06-24,2037.4100341796875,126.0
2016-06-27,2000.5400390625,126.68000030517578
2016-06-28,2036.0899658203125,125.31999969482422
2016-06-29,2070.77001953125,125.83999633789062
2016-06-30,2098.860107421875,126.47000122070312
2016-07-01,2102.949951171875,128.41000366210938
2016-07-05,2088.550048828125,129.47000122070312
2016-07-06,2099.72998046875,130.22999572753906
2016-07-07,2097.89990234375,129.74000549316406
2016-07-08,2129.89990234375,130.52000427246094
2016-07-11,2137.159912109375,129.2899932861328
2016-07-12,2152.139892578125,127.1500015258789
2016-07-13,2152.429931640625,128.32000732421875
2016-07-14,2163.75,127.33000183105469
2016-07-15,2161.739990234375,126.83999633789062
2016-07-18,2166.889892578125,127.04000091552734
2016-07-19,2163.780029296875,127.20999908447266
2016-07-20,2173.02001953125,125.38999938964844
2016-07-21,2165.169921875,127.30000305175781
2016-07-22,2175.030029296875,126.3499984741211
2016-07-25,2168.47998046875,125.47000122070312
2016-07-26,2169.179931640625,126.0
2016-07-27,2166.580078125,128.02999877929688
2016-07-28,2170.06005859375,127.66000366210938
2016-07-29,2173.60009765625,128.97999572753906
2016-08-01,2170.840087890625,129.22000122070312
2016-08-02,2157.030029296875,130.27000427246094
2016-08-03,2163.7900390625,129.64999389648438
2016-08-04,2164.25,129.8699951171875
2016-08-05,2182.8701171875,127.55000305175781
2016-08-08,2180.889892578125,127.44000244140625
2016-08-09,2181.739990234375,127.95999908447266
2016-08-10,2175.489990234375,128.55999755859375
2016-08-11,2185.7900390625,127.66999816894531
2016-08-12,2184.050048828125,127.4000015258789
2016-08-15,2190.14990234375,127.83999633789062
2016-08-16,2178.14990234375,128.47000122070312
2016-08-17,2182.219970703125,128.5
2016-08-18,2187.02001953125,129.11000061035156
2016-08-19,2183.8701171875,127.97000122070312
2016-08-22,2182.639892578125,127.77999877929688
2016-08-23,2186.89990234375,127.76000213623047
2016-08-24,2175.43994140625,126.33999633789062
2016-08-25,2172.469970703125,126.2300033569336
2016-08-26,2169.0400390625,126.05000305175781
2016-08-29,2180.3798828125,126.30000305175781
2016-08-30,2176.1201171875,125.02999877929688
2016-08-31,2170.949951171875,124.77999877929688
2016-09-01,2170.860107421875,125.29000091552734
2016-09-02,2179.97998046875,126.56999969482422
2016-09-06,2186.47998046875,128.7100067138672
2016-09-07,2186.159912109375,128.27000427246094
2016-09-08,2181.300048828125,127.58999633789062
2016-09-09,2127.81005859375,126.75
2016-09-12,2159.0400390625,126.58999633789062
2016-09-13,2127.02001953125,125.75
2016-09-14,2125.77001953125,126.18000030517578
2016-09-15,2147.260009765625,125.37000274658203
2016-09-16,2139.159912109375,125.05999755859375
2016-09-19,2139.1201171875,125.31999969482422
2016-09-20,2139.760009765625,125.44000244140625
2016-09-21,2163.1201171875,127.2699966430664
2016-09-22,2177.179931640625,127.56999969482422
2016-09-23,2164.68994140625,127.6500015258789
2016-09-26,2146.10009765625,127.55000305175781
2016-09-27,2159.929931640625,126.62000274658203
2016-09-28,2171.3701171875,126.22000122070312
2016-09-29,2151.1298828125,126.06999969482422
2016-09-30,2168.27001953125,125.63999938964844
2016-10-03,2161.199951171875,125.31999969482422
2016-10-04,2150.489990234375,120.97000122070312
2016-10-05,2159.72998046875,120.77999877929688
2016-10-06,2160.77001953125,119.66000366210938
2016-10-07,2153.739990234375,119.73999786376953
2016-10-10,2163.659912109375,120.16000366210938
2016-10-11,2136.72998046875,119.55000305175781
2016-10-12,2139.179931640625,119.73999786376953
2016-10-13,2132.550048828125,120.02999877929688
2016-10-14,2132.97998046875,119.36000061035156
2016-10-17,2126.5,119.68000030517578
2016-10-18,2139.60009765625,120.41999816894531
2016-10-19,2144.2900390625,121.11000061035156
2016-10-20,2141.340087890625,120.73999786376953
2016-10-21,2141.159912109375,120.83000183105469
2016-10-24,2151.330078125,120.55999755859375
2016-10-25,2143.159912109375,121.47000122070312
2016-10-26,2139.429931640625,120.79000091552734
2016-10-27,2133.0400390625,121.01000213623047
2016-10-28,2126.409912109375,121.58000183105469
2016-10-31,2126.14990234375,121.94000244140625
2016-11-01,2111.719970703125,122.7300033569336
2016-11-02,2097.93994140625,123.63999938964844
2016-11-03,2088.659912109375,124.30000305175781
2016-11-04,2085.179931640625,124.38999938964844
2016-11-07,2131.52001953125,122.1500015258789
2016-11-08,2139.56005859375,121.63999938964844
2016-11-09,2163.260009765625,121.55999755859375
2016-11-10,2167.47998046875,119.75
2016-11-11,2164.449951171875,117.0999984741211
2016-11-14,2164.199951171875,116.11000061035156
2016-11-15,2180.389892578125,117.12000274658203
2016-11-16,2176.93994140625,116.7699966430664
2016-11-17,2187.1201171875,116.16999816894531
2016-11-18,2181.89990234375,115.1500015258789
2016-11-21,2198.179931640625,115.58000183105469
2016-11-22,2202.93994140625,115.54000091552734
2016-11-23,2204.719970703125,113.25
2016-11-25,2213.35009765625,112.61000061035156
2016-11-28,2201.719970703125,113.80000305175781
2016-11-29,2204.659912109375,113.2699966430664
2016-11-30,2198.81005859375,111.75
2016-12-01,2191.080078125,111.54000091552734
2016-12-02,2191.949951171875,112.13999938964844
2016-12-05,2204.7099609375,111.54000091552734
2016-12-06,2212.22998046875,111.43000030517578
2016-12-07,2241.35009765625,111.83000183105469
2016-12-08,2246.18994140625,111.56999969482422
2016-12-09,2259.530029296875,110.4000015258789
2016-12-12,2256.9599609375,110.81999969482422
2016-12-13,2271.719970703125,110.44999694824219
2016-12-14,2253.280029296875,108.83000183105469
2016-12-15,2262.030029296875,107.33999633789062
2016-12-16,2258.070068359375,108.05000305175781
2016-12-19,2262.530029296875,108.58999633789062
2016-12-20,2270.760009765625,107.79000091552734
2016-12-21,2265.179931640625,107.8499984741211
2016-12-22,2260.9599609375,107.58999633789062
2016-12-23,2263.7900390625,107.93000030517578
2016-12-27,2268.8798828125,108.55999755859375
2016-12-28,2249.919921875,108.86000061035156
2016-12-29,2249.260009765625,110.29000091552734
2016-12-30,2238.830078125,109.61000061035156
2017-01-03,2257.830078125,110.47000122070312
2017-01-04,2270.75,110.86000061035156
2017-01-05,2269.0,112.58000183105469
2017-01-06,2276.97998046875,111.75
2017-01-09,2268.89990234375,112.66999816894531
2017-01-10,2268.89990234375,113.1500015258789
2017-01-11,2275.320068359375,113.5
2017-01-12,2270.43994140625,113.91000366210938
2017-01-13,2274.639892578125,114.20999908447266
2017-01-17,2267.889892578125,115.8499984741211
2017-01-18,2271.889892578125,114.87000274658203
2017-01-19,2263.68994140625,114.7699966430664
2017-01-20,2271.31005859375,115.05000305175781
2017-01-23,2265.199951171875,115.79000091552734
2017-01-24,2280.070068359375,115.2699966430664
2017-01-25,2298.3701171875,114.31999969482422
2017-01-26,2296.679931640625,113.26000213623047
2017-01-27,2294.68994140625,113.48999786376953
2017-01-30,2280.89990234375,113.97000122070312
2017-01-31,2278.8701171875,115.55000305175781
2017-02-01,2279.550048828125,115.19999694824219
2017-02-02,2280.85009765625,115.83999633789062
2017-02-03,2297.419921875,116.12999725341797
2017-02-06,2292.56005859375,117.69999694824219
2017-02-07,2293.080078125,117.45999908447266
2017-02-08,2294.669921875,118.19000244140625
2017-02-09,2307.8701171875,117.29000091552734
2017-02-10,2316.10009765625,117.5999984741211
2017-02-13,2328.25,116.80000305175781
2017-02-14,2337.580078125,116.93000030517578
2017-02-15,2349.25,117.44999694824219
2017-02-16,2347.219970703125,118.08000183105469
2017-02-17,2351.159912109375,117.68000030517578
2017-02-21,2365.3798828125,117.75
2017-02-22,2362.820068359375,117.91000366210938
2017-02-23,2363.81005859375,118.94000244140625
2017-02-24,2367.340087890625,119.69999694824219
2017-02-27,2369.75,119.12000274658203
2017-02-28,2363.639892578125,119.2300033569336
2017-03-01,2395.9599609375,119.05999755859375
2017-03-02,2381.919921875,117.58000183105469
2017-03-03,2383.1201171875,117.51000213623047
2017-03-06,2375.31005859375,116.72000122070312
2017-03-07,2368.389892578125,115.77999877929688
2017-03-08,2362.97998046875,115.05999755859375
2017-03-09,2364.8701171875,114.47000122070312
2017-03-10,2372.60009765625,114.72000122070312
2017-03-13,2373.469970703125,114.73999786376953
2017-03-14,2365.449951171875,114.12000274658203
2017-03-15,2385.260009765625,116.25
2017-03-16,2381.3798828125,116.7300033569336
2017-03-17,2378.25,116.98999786376953
2017-03-20,2373.469970703125,117.51000213623047
2017-03-21,2344.02001953125,118.54000091552734
2017-03-22,2348.449951171875,118.83000183105469
2017-03-23,2345.9599609375,118.66999816894531
2017-03-24,2343.97998046875,118.86000061035156
2017-03-27,2341.590087890625,119.52999877929688
2017-03-28,2358.570068359375,119.04000091552734
2017-03-29,2361.1298828125,119.33000183105469
2017-03-30,2368.06005859375,118.47000122070312
2017-03-31,2362.719970703125,118.72000122070312
2017-04-03,2358.840087890625,119.3499984741211
2017-04-04,2360.159912109375,119.62000274658203
2017-04-05,2352.949951171875,119.62000274658203
2017-04-06,2357.489990234375,119.18000030517578
2017-04-07,2355.5400390625,119.45999908447266
2017-04-10,2357.159912109375,119.45999908447266
2017-04-11,2353.780029296875,121.19000244140625
2017-04-12,2344.929931640625,122.0199966430664
2017-04-13,2328.949951171875,122.5999984741211
2017-04-17,2349.010009765625,122.23999786376953
2017-04-18,2342.18994140625,122.81999969482422
2017-04-19,2338.169921875,121.7300033569336
2017-04-20,2355.840087890625,121.95999908447266
2017-04-21,2348.68994140625,122.30999755859375
2017-04-24,2374.14990234375,121.4800033569336
2017-04-25,2388.610107421875,120.25
2017-04-26,2387.449951171875,120.83999633789062
2017-04-27,2388.77001953125,120.38999938964844
2017-04-28,2384.199951171875,120.7699966430664
2017-05-01,2388.330078125,119.66999816894531
2017-05-02,2391.169921875,119.6500015258789
2017-05-03,2388.1298828125,117.9800033569336
2017-05-04,2389.52001953125,116.79000091552734
2017-05-05,2399.2900390625,117.01000213623047
2017-05-08,2399.3798828125,116.75
2017-05-09,2396.919921875,116.05000305175781
2017-05-10,2399.6298828125,116.04000091552734
2017-05-11,2394.43994140625,116.5
2017-05-12,2390.89990234375,116.83000183105469
2017-05-15,2402.320068359375,117.13999938964844
2017-05-16,2400.669921875,117.6500015258789
2017-05-17,2357.030029296875,119.79000091552734
2017-05-18,2365.719970703125,118.80999755859375
2017-05-19,2381.72998046875,119.4000015258789
2017-05-22,2394.02001953125,119.9000015258789
2017-05-23,2398.419921875,119.13999938964844
2017-05-24,2404.389892578125,119.61000061035156
2017-05-25,2415.070068359375,119.4800033569336
2017-05-26,2415.820068359375,120.54000091552734
2017-05-30,2412.909912109375,120.13999938964844
2017-05-31,2411.800048828125,120.62000274658203
2017-06-01,2430.06005859375,120.72000122070312
2017-06-02,2439.070068359375,121.61000061035156
2017-06-05,2436.10009765625,121.7300033569336
2017-06-06,2429.330078125,123.0999984741211
2017-06-07,2433.139892578125,122.44999694824219
2017-06-08,2433.7900390625,121.6500015258789
2017-06-09,2431.77001953125,120.54000091552734
2017-06-12,2429.389892578125,120.36000061035156
2017-06-13,2440.35009765625,120.4800033569336
2017-06-14,2437.919921875,119.81999969482422
2017-06-15,2432.4599609375,119.31999969482422
2017-06-16,2433.14990234375,119.33999633789062
2017-06-19,2453.4599609375,118.43000030517578
2017-06-20,2437.030029296875,118.18000030517578
2017-06-21,2435.610107421875,118.5199966430664
2017-06-22,2434.5,118.91999816894531
2017-06-23,2438.300048828125,119.43000030517578
2017-06-26,2439.070068359375,118.36000061035156
2017-06-27,2419.3798828125,118.80999755859375
2017-06-28,2440.68994140625,118.9000015258789
2017-06-29,2419.699951171875,118.31999969482422
2017-06-30,2423.409912109375,118.0199966430664
2017-07-03,2429.010009765625,116.08999633789062
2017-07-05,2432.5400390625,116.5199966430664
2017-07-06,2409.75,116.47000122070312
2017-07-07,2425.179931640625,115.27999877929688
2017-07-10,2427.429931640625,115.47000122070312
2017-07-11,2425.530029296875,115.62000274658203
2017-07-12,2443.25,116.02999877929688
2017-07-13,2447.830078125,115.81999969482422
2017-07-14,2459.27001953125,116.7699966430664
2017-07-17,2459.139892578125,117.29000091552734
2017-07-18,2460.610107421875,118.11000061035156
2017-07-19,2473.830078125,118.08000183105469
2017-07-20,2473.449951171875,118.23999786376953
2017-07-21,2472.5400390625,119.26000213623047
2017-07-24,2469.909912109375,119.30999755859375
2017-07-25,2477.1298828125,118.91999816894531
2017-07-26,2477.830078125,119.87999725341797
2017-07-27,2475.419921875,119.79000091552734
2017-07-28,2472.10009765625,120.69000244140625
2017-07-31,2470.300048828125,120.75
2017-08-01,2476.35009765625,120.6500015258789
2017-08-02,2477.570068359375,120.4000015258789
2017-08-03,2472.159912109375,120.58999633789062
2017-08-04,2476.830078125,119.6500015258789
2017-08-07,2480.909912109375,119.51000213623047
2017-08-08,2474.919921875,119.86000061035156
2017-08-09,2474.02001953125,121.30999755859375
2017-08-10,2438.2099609375,122.20999908447266
2017-08-11,2441.320068359375,122.79000091552734
2017-08-14,2465.840087890625,121.91999816894531
2017-08-15,2464.610107421875,120.9800033569336
2017-08-16,2468.110107421875,121.87000274658203
2017-08-17,2430.010009765625,122.48999786376953
2017-08-18,2425.550048828125,122.30000305175781
2017-08-21,2428.3701171875,122.76000213623047
2017-08-22,2452.510009765625,122.20999908447266
2017-08-23,2444.0400390625,122.66999816894531
2017-08-24,2438.969970703125,122.29000091552734
2017-08-25,2443.050048828125,122.73999786376953
2017-08-28,2444.239990234375,124.69000244140625
2017-08-29,2446.300048828125,124.41999816894531
2017-08-30,2457.590087890625,124.36000061035156
2017-08-31,2471.64990234375,125.81999969482422
2017-09-01,2476.550048828125,126.05999755859375
2017-09-05,2457.85009765625,127.45999908447266
2017-09-06,2465.5400390625,126.80999755859375
2017-09-07,2465.10009765625,128.1300048828125
2017-09-08,2461.429931640625,127.97000122070312
2017-09-11,2488.110107421875,126.19000244140625
2017-09-12,2496.47998046875,126.55999755859375
2017-09-13,2498.3701171875,125.61000061035156
2017-09-14,2495.6201171875,126.16000366210938
2017-09-15,2500.22998046875,125.52999877929688
2017-09-18,2503.8701171875,124.36000061035156
2017-09-19,2506.64990234375,124.62000274658203
2017-09-20,2508.239990234375,123.62000274658203
2017-09-21,2500.60009765625,122.68000030517578
2017-09-22,2502.219970703125,123.23999786376953
2017-09-25,2496.659912109375,124.52999877929688
2017-09-26,2496.840087890625,123.13999938964844
2017-09-27,2507.0400390625,121.9800033569336
2017-09-28,2510.06005859375,122.20999908447266
2017-09-29,2519.360107421875,121.58000183105469
2017-10-02,2529.1201171875,120.7699966430664
2017-10-03,2534.580078125,120.83000183105469
2017-10-04,2537.739990234375,121.16999816894531
2017-10-05,2552.070068359375,120.5199966430664
2017-10-06,2549.330078125,121.08999633789062
2017-10-09,2544.72998046875,122.08000183105469
2017-10-10,2550.639892578125,122.4000015258789
2017-10-11,2555.239990234375,122.79000091552734
2017-10-12,2550.929931640625,122.88999938964844
2017-10-13,2553.169921875,123.81999969482422
2017-10-16,2557.639892578125,122.97000122070312
2017-10-17,2559.360107421875,122.12999725341797
2017-10-18,2561.260009765625,121.66999816894531
2017-10-19,2562.10009765625,122.38999938964844
2017-10-20,2575.2099609375,121.61000061035156
2017-10-23,2564.97998046875,121.80000305175781
2017-10-24,2569.1298828125,121.33000183105469
2017-10-25,2557.14990234375,121.3499984741211
2017-10-26,2560.39990234375,120.33000183105469
2017-10-27,2581.070068359375,120.9000015258789
2017-10-30,2572.830078125,121.12999725341797
2017-10-31,2575.260009765625,120.66999816894531
2017-11-01,2579.360107421875,121.11000061035156
2017-11-02,2579.85009765625,121.19000244140625
2017-11-03,2587.840087890625,120.62000274658203
2017-11-06,2591.1298828125,121.6500015258789
2017-11-07,2590.639892578125,121.20999908447266
2017-11-08,2594.3798828125,121.62999725341797
2017-11-09,2584.6201171875,122.12999725341797
2017-11-10,2582.300048828125,121.12999725341797
2017-11-13,2584.840087890625,121.30999755859375
2017-11-14,2578.8701171875,121.55999755859375
2017-11-15,2564.6201171875,121.41000366210938
2017-11-16,2585.639892578125,121.4000015258789
2017-11-17,2578.85009765625,122.86000061035156
2017-11-20,2582.139892578125,121.30999755859375
2017-11-21,2599.030029296875,121.51000213623047
2017-11-22,2597.080078125,122.62999725341797
2017-11-24,2602.419921875,122.31999969482422
2017-11-27,2601.419921875,122.83000183105469
2017-11-28,2627.0400390625,122.80999755859375
2017-11-29,2626.070068359375,122.04000091552734
2017-11-30,2647.580078125,121.0999984741211
2017-12-01,2642.219970703125,121.58999633789062
2017-12-04,2639.43994140625,121.18000030517578
2017-12-05,2629.570068359375,120.31999969482422
2017-12-06,2629.27001953125,120.06999969482422
2017-12-07,2636.97998046875,118.48999786376953
2017-12-08,2651.5,118.4800033569336
2017-12-11,2659.989990234375,118.01000213623047
2017-12-12,2664.110107421875,118.1500015258789
2017-12-13,2662.85009765625,119.16999816894531
2017-12-14,2652.010009765625,118.93000030517578
2017-12-15,2675.81005859375,119.18000030517578
2017-12-18,2690.159912109375,119.7300033569336
2017-12-19,2681.469970703125,119.81999969482422
2017-12-20,2679.25,120.13999938964844
2017-12-21,2684.570068359375,120.30999755859375
2017-12-22,2683.340087890625,120.94000244140625
2017-12-26,2680.5,121.7699966430664
2017-12-27,2682.6201171875,122.2300033569336
2017-12-28,2687.5400390625,122.8499984741211
2017-12-29,2673.610107421875,123.6500015258789
2018-01-02,2695.81005859375,125.1500015258789
2018-01-03,2713.06005859375,124.81999969482422
2018-01-04,2723.989990234375,125.45999908447266
2018-01-05,2743.14990234375,125.33000183105469
2018-01-08,2747.7099609375,125.30999755859375
2018-01-09,2751.2900390625,124.7300033569336
2018-01-10,2748.22998046875,125.02999877929688
2018-01-11,2767.56005859375,125.44000244140625
2018-01-12,2786.239990234375,126.95999908447266
2018-01-16,2776.419921875,127.16999816894531
2018-01-17,2802.56005859375,126.13999938964844
2018-01-18,2798.030029296875,125.86000061035156
2018-01-19,2810.300048828125,126.41999816894531
2018-01-22,2832.969970703125,126.6500015258789
2018-01-23,2839.1298828125,127.27999877929688
2018-01-24,2837.5400390625,128.8300018310547
2018-01-25,2839.25,127.97000122070312
2018-01-26,2872.8701171875,128.07000732421875
2018-01-29,2853.530029296875,127.3499984741211
2018-01-30,2822.429931640625,126.80000305175781
2018-01-31,2823.81005859375,127.6500015258789
2018-02-01,2821.97998046875,128.07000732421875
2018-02-02,2762.1298828125,126.38999938964844
2018-02-05,2648.93994140625,126.70999908447266
2018-02-06,2695.139892578125,125.37999725341797
2018-02-07,2681.659912109375,124.79000091552734
2018-02-08,2581.0,124.9800033569336
2018-02-09,2619.550048828125,124.7699966430664
2018-02-12,2656.0,125.37000274658203
2018-02-13,2662.93994140625,126.08000183105469
2018-02-14,2698.6298828125,128.22999572753906
2018-02-15,2731.199951171875,128.3800048828125
2018-02-16,2732.219970703125,127.95999908447266
2018-02-20,2716.260009765625,126.23999786376953
2018-02-21,2701.330078125,125.66000366210938
2018-02-22,2703.9599609375,126.30000305175781
2018-02-23,2747.300048828125,126.13999938964844
2018-02-26,2779.60009765625,126.44999694824219
2018-02-27,2744.280029296875,125.12999725341797
2018-02-28,2713.830078125,125.0
2018-03-01,2677.669921875,124.72000122070312
2018-03-02,2691.25,125.38999938964844
2018-03-05,2720.93994140625,125.18000030517578
2018-03-06,2728.1201171875,126.52999877929688
2018-03-07,2726.800048828125,125.72000122070312
2018-03-08,2738.969970703125,125.41999816894531
2018-03-09,2786.570068359375,125.54000091552734
2018-03-12,2783.02001953125,125.54000091552734
2018-03-13,2765.31005859375,125.77999877929688
2018-03-14,2749.47998046875,125.69999694824219
2018-03-15,2747.330078125,124.9000015258789
2018-03-16,2752.010009765625,124.5999984741211
2018-03-19,2712.919921875,124.87000274658203
2018-03-20,2716.93994140625,124.30999755859375
2018-03-21,2711.929931640625,126.4800033569336
2018-03-22,2643.68994140625,125.9800033569336
2018-03-23,2588.260009765625,127.61000061035156
2018-03-26,2658.550048828125,128.27999877929688
2018-03-27,2612.6201171875,127.48999786376953
2018-03-28,2605.0,125.7300033569336
2018-03-29,2640.8701171875,125.79000091552734
2018-04-02,2581.8798828125,127.26000213623047
2018-04-03,2614.449951171875,126.30000305175781
2018-04-04,2644.68994140625,126.44999694824219
2018-04-05,2662.840087890625,125.80000305175781
2018-04-06,2604.469970703125,126.38999938964844
2018-04-09,2613.159912109375,126.81999969482422
2018-04-10,2656.8701171875,127.12000274658203
2018-04-11,2642.18994140625,128.11000061035156
2018-04-12,2663.989990234375,126.62000274658203
2018-04-13,2656.300048828125,127.44999694824219
2018-04-16,2677.840087890625,127.62999725341797
2018-04-17,2706.389892578125,127.75
2018-04-18,2708.639892578125,127.8499984741211
2018-04-19,2693.1298828125,127.5999984741211
2018-04-20,2670.139892578125,126.62999725341797
2018-04-23,2670.2900390625,125.62000274658203
2018-04-24,2634.56005859375,126.2300033569336
2018-04-25,2639.39990234375,125.41000366210938
2018-04-26,2666.93994140625,124.97000122070312
2018-04-27,2669.909912109375,125.5
2018-04-30,2648.050048828125,124.58999633789062
2018-05-01,2654.800048828125,123.70999908447266
2018-05-02,2635.669921875,123.6500015258789
2018-05-03,2629.72998046875,124.27999877929688
2018-05-04,2663.419921875,124.54000091552734
2018-05-07,2672.6298828125,124.56999969482422
2018-05-08,2671.919921875,124.58999633789062
2018-05-09,2697.7900390625,124.33000183105469
2018-05-10,2723.070068359375,125.18000030517578
2018-05-11,2727.719970703125,125.0
2018-05-14,2730.1298828125,124.48999786376953
2018-05-15,2711.449951171875,122.4800033569336
2018-05-16,2722.4599609375,122.29000091552734
2018-05-17,2720.1298828125,122.36000061035156
2018-05-18,2712.969970703125,122.41000366210938
2018-05-21,2733.010009765625,122.4800033569336
2018-05-22,2724.43994140625,122.41000366210938
2018-05-23,2733.2900390625,122.54000091552734
2018-05-24,2727.760009765625,123.58999633789062
2018-05-25,2721.330078125,123.20999908447266
2018-05-29,2689.860107421875,123.19000244140625
2018-05-30,2724.010009765625,123.37000274658203
2018-05-31,2705.27001953125,123.0999984741211
2018-06-01,2734.6201171875,122.48999786376953
2018-06-04,2746.8701171875,122.37000274658203
2018-06-05,2748.800048828125,122.8499984741211
2018-06-06,2772.35009765625,122.91999816894531
2018-06-07,2770.3701171875,122.86000061035156
2018-06-08,2779.030029296875,123.01000213623047
2018-06-11,2782.0,123.2300033569336
2018-06-12,2786.85009765625,122.81999969482422
2018-06-13,2775.6298828125,123.19000244140625
2018-06-14,2782.489990234375,123.37999725341797
2018-06-15,2779.659912109375,121.33999633789062
2018-06-18,2773.75,121.11000061035156
2018-06-19,2762.590087890625,120.80000305175781
2018-06-20,2767.320068359375,120.26000213623047
2018-06-21,2749.760009765625,120.05000305175781
2018-06-22,2754.8798828125,120.33999633789062
2018-06-25,2717.070068359375,119.88999938964844
2018-06-26,2723.06005859375,119.26000213623047
2018-06-27,2699.6298828125,118.58000183105469
2018-06-28,2716.31005859375,118.22000122070312
2018-06-29,2718.3701171875,118.6500015258789
2018-07-02,2726.7099609375,117.45999908447266
2018-07-03,2713.219970703125,118.6500015258789
2018-07-05,2736.610107421875,119.05000305175781
2018-07-06,2759.820068359375,118.86000061035156
2018-07-09,2784.169921875,119.1500015258789
2018-07-10,2793.840087890625,118.93000030517578
2018-07-11,2774.02001953125,117.63999938964844
2018-07-12,2798.2900390625,118.12999725341797
2018-07-13,2801.31005859375,117.61000061035156
2018-07-16,2798.429931640625,117.55000305175781
2018-07-17,2809.550048828125,116.27999877929688
2018-07-18,2815.6201171875,116.30999755859375
2018-07-19,2804.489990234375,115.80999755859375
2018-07-20,2801.830078125,116.55999755859375
2018-07-23,2806.97998046875,116.0
2018-07-24,2820.39990234375,116.04000091552734
2018-07-25,2846.070068359375,116.68000030517578
2018-07-26,2837.43994140625,115.7699966430664
2018-07-27,2818.820068359375,115.83000183105469
2018-07-30,2802.60009765625,115.6500015258789
2018-07-31,2816.2900390625,115.98999786376953
2018-08-01,2813.360107421875,115.13999938964844
2018-08-02,2827.219970703125,114.5199966430664
2018-08-03,2840.35009765625,114.91999816894531
2018-08-06,2850.39990234375,114.33000183105469
2018-08-07,2858.449951171875,114.58999633789062
2018-08-08,2857.699951171875,114.91000366210938
2018-08-09,2853.580078125,114.73999786376953
2018-08-10,2833.280029296875,114.69000244140625
2018-08-13,2821.929931640625,112.95999908447266
2018-08-14,2839.9599609375,113.06999969482422
2018-08-15,2818.3701171875,111.19000244140625
2018-08-16,2840.68994140625,111.0999984741211
2018-08-17,2850.1298828125,112.12999725341797
2018-08-20,2857.050048828125,112.69000244140625
2018-08-21,2862.9599609375,113.0199966430664
2018-08-22,2861.820068359375,113.2699966430664
2018-08-23,2856.97998046875,112.19999694824219
2018-08-24,2874.68994140625,114.16000366210938
2018-08-27,2896.739990234375,114.58999633789062
2018-08-28,2897.52001953125,113.68000030517578
2018-08-29,2914.0400390625,114.19999694824219
2018-08-30,2901.1298828125,113.63999938964844
2018-08-31,2901.52001953125,113.51000213623047
2018-09-04,2896.719970703125,112.93000030517578
2018-09-05,2888.60009765625,113.31999969482422
2018-09-06,2878.050048828125,113.54000091552734
2018-09-07,2871.679931640625,113.2300033569336
2018-09-10,2877.1298828125,113.1500015258789
2018-09-11,2887.889892578125,113.22000122070312
2018-09-12,2888.919921875,114.16999816894531
2018-09-13,2904.179931640625,113.76000213623047
2018-09-14,2904.97998046875,113.0199966430664
2018-09-17,2888.800048828125,113.61000061035156
2018-09-18,2904.31005859375,113.44000244140625
2018-09-19,2907.949951171875,113.87999725341797
2018-09-20,2930.75,114.2699966430664
2018-09-21,2929.669921875,113.48999786376953
2018-09-24,2919.3701171875,113.47000122070312
2018-09-25,2915.56005859375,113.6500015258789
2018-09-26,2905.969970703125,113.05000305175781
2018-09-27,2914.0,112.05000305175781
2018-09-28,2913.97998046875,112.76000213623047
2018-10-01,2924.590087890625,112.56999969482422
2018-10-02,2923.429931640625,113.87000274658203
2018-10-03,2925.510009765625,113.41999816894531
2018-10-04,2901.610107421875,113.4800033569336
2018-10-05,2885.570068359375,113.80000305175781
2018-10-08,2884.429931640625,112.54000091552734
2018-10-09,2880.340087890625,112.5999984741211
2018-10-10,2785.679931640625,112.87999725341797
2018-10-11,2728.3701171875,115.77999877929688
2018-10-12,2767.1298828125,115.2300033569336
2018-10-15,2750.7900390625,116.0
2018-10-16,2809.919921875,115.80000305175781
2018-10-17,2809.2099609375,115.79000091552734
2018-10-18,2768.780029296875,115.91999816894531
2018-10-19,2767.780029296875,116.01000213623047
2018-10-22,2755.8798828125,115.70999908447266
2018-10-23,2740.68994140625,116.38999938964844
2018-10-24,2656.10009765625,116.66000366210938
2018-10-25,2705.570068359375,116.4000015258789
2018-10-26,2658.68994140625,116.7699966430664
2018-10-29,2641.25,116.30999755859375
2018-10-30,2682.6298828125,115.80000305175781
2018-10-31,2711.739990234375,115.1500015258789
2018-11-01,2740.3701171875,116.62999725341797
2018-11-02,2723.06005859375,116.6500015258789
2018-11-05,2738.31005859375,116.37000274658203
2018-11-06,2755.449951171875,116.04000091552734
2018-11-07,2813.889892578125,116.02999877929688
2018-11-08,2806.830078125,115.77999877929688
2018-11-09,2781.010009765625,114.4800033569336
2018-11-12,2726.219970703125,113.66000366210938
2018-11-13,2722.179931640625,113.69999694824219
2018-11-14,2701.580078125,114.63999938964844
2018-11-15,2730.199951171875,114.7699966430664
2018-11-16,2736.27001953125,115.62000274658203
2018-11-19,2690.72998046875,115.66999816894531
2018-11-20,2641.889892578125,115.66999816894531
2018-11-21,2649.929931640625,115.86000061035156
2018-11-23,2632.56005859375,115.7699966430664
2018-11-26,2673.449951171875,115.63999938964844
2018-11-27,2682.169921875,114.94999694824219
2018-11-28,2743.7900390625,115.37999725341797
2018-11-29,2737.800048828125,115.73999786376953
2018-11-30,2760.169921875,115.54000091552734
2018-12-03,2790.3701171875,116.41000366210938
2018-12-04,2700.06005859375,117.12000274658203
2018-12-06,2695.949951171875,117.13999938964844
2018-12-07,2633.080078125,118.08999633789062
2018-12-10,2637.719970703125,117.68000030517578
2018-12-11,2636.780029296875,117.54000091552734
2018-12-12,2651.070068359375,117.79000091552734
2018-12-13,2650.5400390625,117.52999877929688
2018-12-14,2599.949951171875,117.05999755859375
2018-12-17,2545.93994140625,117.87000274658203
2018-12-18,2546.159912109375,118.1500015258789
2018-12-19,2506.9599609375,117.43000030517578
2018-12-20,2467.419921875,119.23999786376953
2018-12-21,2416.6201171875,118.72000122070312
2018-12-24,2351.10009765625,120.0199966430664
2018-12-26,2467.699951171875,119.66000366210938
2018-12-27,2488.830078125,120.56999969482422
2018-12-28,2485.739990234375,121.05999755859375
2018-12-31,2506.85009765625,121.25
2019-01-02,2510.030029296875,121.33000183105469
2019-01-03,2447.889892578125,122.43000030517578
2019-01-04,2531.93994140625,121.44000244140625
2019-01-07,2549.68994140625,121.86000061035156
2019-01-08,2574.409912109375,121.52999877929688
2019-01-09,2584.9599609375,122.30999755859375
2019-01-10,2596.639892578125,121.58999633789062
2019-01-11,2596.260009765625,121.80000305175781
2019-01-14,2582.610107421875,122.08999633789062
2019-01-15,2610.300048828125,121.87999725341797
2019-01-16,2616.10009765625,122.2699966430664
2019-01-17,2635.9599609375,122.11000061035156
2019-01-18,2670.7099609375,121.0199966430664
2019-01-22,2632.89990234375,121.44999694824219
2019-01-23,2638.699951171875,121.27999877929688
2019-01-24,2642.330078125,121.08999633789062
2019-01-25,2664.760009765625,122.86000061035156
2019-01-28,2643.85009765625,123.29000091552734
2019-01-29,2640.0,123.9800033569336
2019-01-30,2681.050048828125,124.69000244140625
2019-01-31,2704.10009765625,124.75
2019-02-01,2706.530029296875,124.5
2019-02-04,2724.8701171875,123.95999908447266
2019-02-05,2737.699951171875,124.27999877929688
2019-02-06,2731.610107421875,123.44000244140625
2019-02-07,2706.050048828125,123.73999786376953
2019-02-08,2707.8798828125,124.20999908447266
2019-02-11,2709.800048828125,123.5999984741211
2019-02-12,2744.72998046875,123.86000061035156
2019-02-13,2753.030029296875,123.37000274658203
2019-02-14,2745.72998046875,124.05999755859375
2019-02-15,2775.60009765625,124.80000305175781
2019-02-19,2779.760009765625,126.69999694824219
2019-02-20,2784.699951171875,126.4800033569336
2019-02-21,2774.8798828125,125.05000305175781
2019-02-22,2792.669921875,125.5
2019-02-25,2796.110107421875,125.37000274658203
2019-02-26,2793.89990234375,125.58000183105469
2019-02-27,2792.3798828125,124.69000244140625
2019-02-28,2784.489990234375,123.98999786376953
2019-03-01,2803.68994140625,121.87999725341797
2019-03-04,2792.81005859375,121.55999755859375
2019-03-05,2789.64990234375,121.72000122070312
2019-03-06,2771.449951171875,121.61000061035156
2019-03-07,2748.929931640625,121.51000213623047
2019-03-08,2743.070068359375,122.83999633789062
2019-03-11,2783.300048828125,122.23999786376953
2019-03-12,2791.52001953125,122.9800033569336
2019-03-13,2810.919921875,123.83999633789062
2019-03-14,2808.47998046875,122.41000366210938
2019-03-15,2822.47998046875,122.97000122070312
2019-03-18,2832.93994140625,123.04000091552734
2019-03-19,2832.570068359375,123.37999725341797
2019-03-20,2824.22998046875,124.18000030517578
2019-03-21,2854.8798828125,123.68000030517578
2019-03-22,2800.7099609375,123.97000122070312
2019-03-25,2798.360107421875,124.91999816894531
2019-03-26,2818.4599609375,124.30000305175781
2019-03-27,2805.3701171875,123.6500015258789
2019-03-28,2815.43994140625,121.9000015258789
2019-03-29,2834.39990234375,122.01000213623047
2019-04-01,2867.18994140625,121.52999877929688
2019-04-02,2867.239990234375,121.9800033569336
2019-04-03,2873.39990234375,121.80000305175781
2019-04-04,2879.389892578125,122.11000061035156
2019-04-05,2892.739990234375,121.9800033569336
2019-04-08,2895.77001953125,122.51000213623047
2019-04-09,2878.199951171875,123.1500015258789
2019-04-10,2888.2099609375,123.52999877929688
2019-04-11,2888.320068359375,121.94999694824219
2019-04-12,2907.409912109375,121.83000183105469
2019-04-15,2905.580078125,121.5999984741211
2019-04-16,2907.06005859375,120.51000213623047
2019-04-17,2900.449951171875,120.27999877929688
2019-04-18,2905.030029296875,120.37000274658203
2019-04-22,2907.969970703125,120.37000274658203
2019-04-23,2933.679931640625,120.12000274658203
2019-04-24,2927.25,120.47000122070312
2019-04-25,2926.169921875,120.56999969482422
2019-04-26,2939.8798828125,121.37000274658203
2019-04-29,2943.030029296875,120.83000183105469
2019-04-30,2945.830078125,121.19999694824219
2019-05-01,2923.72998046875,120.4000015258789
2019-05-02,2917.52001953125,119.94000244140625
2019-05-03,2945.639892578125,120.6500015258789
2019-05-06,2932.469970703125,120.80999755859375
2019-05-07,2884.050048828125,121.20999908447266
2019-05-08,2879.419921875,120.91000366210938
2019-05-09,2870.719970703125,121.19999694824219
2019-05-10,2881.39990234375,121.43000030517578
2019-05-13,2811.8701171875,122.66999816894531
2019-05-14,2834.409912109375,122.45999908447266
2019-05-15,2850.9599609375,122.38999938964844
2019-05-16,2876.320068359375,121.51000213623047
2019-05-17,2859.530029296875,120.6500015258789
2019-05-20,2840.22998046875,120.63999938964844
2019-05-21,2864.360107421875,120.36000061035156
2019-05-22,2856.27001953125,120.23999786376953
2019-05-23,2822.239990234375,121.16999816894531
2019-05-24,2826.06005859375,121.30000305175781
2019-05-28,2802.389892578125,120.83000183105469
2019-05-29,2783.02001953125,120.87000274658203
2019-05-30,2788.860107421875,121.69000244140625
2019-05-31,2752.06005859375,123.33000183105469
2019-06-03,2744.449951171875,125.11000061035156
2019-06-04,2803.27001953125,125.1500015258789
2019-06-05,2826.14990234375,125.47000122070312
2019-06-06,2843.489990234375,125.87999725341797
2019-06-07,2873.340087890625,126.58999633789062
2019-06-10,2886.72998046875,125.33000183105469
2019-06-11,2885.719970703125,125.18000030517578
2019-06-12,2879.840087890625,125.83000183105469
2019-06-13,2891.639892578125,126.5999984741211
2019-06-14,2886.97998046875,126.55999755859375
2019-06-17,2889.669921875,126.4800033569336
2019-06-18,2917.75,127.12000274658203
2019-06-19,2926.4599609375,127.88999938964844
2019-06-20,2954.179931640625,131.11000061035156
2019-06-21,2950.4599609375,131.97999572753906
2019-06-24,2945.35009765625,133.94000244140625
2019-06-25,2917.3798828125,134.1999969482422
2019-06-26,2913.780029296875,132.97000122070312
2019-06-27,2924.919921875,132.83999633789062
2019-06-28,2941.760009765625,133.1999969482422
2019-07-01,2964.330078125,130.6199951171875
2019-07-02,2973.010009765625,133.41000366210938
2019-07-03,2995.820068359375,133.6300048828125
2019-07-05,2990.409912109375,132.13999938964844
2019-07-08,2975.949951171875,131.2899932861328
2019-07-09,2979.6298828125,131.75
2019-07-10,2993.070068359375,133.8300018310547
2019-07-11,2999.909912109375,132.6999969482422
2019-07-12,3013.77001953125,133.52999877929688
2019-07-15,3014.300048828125,133.52999877929688
2019-07-16,3004.0400390625,132.39999389648438
2019-07-17,2984.419921875,134.5800018310547
2019-07-18,2995.110107421875,136.47999572753906
2019-07-19,2976.610107421875,134.47000122070312
2019-07-22,2985.030029296875,134.4499969482422
2019-07-23,3005.469970703125,133.69000244140625
2019-07-24,3019.56005859375,134.3699951171875
2019-07-25,3003.669921875,133.4199981689453
2019-07-26,3025.860107421875,133.63999938964844
2019-07-29,3020.969970703125,134.52999877929688
2019-07-30,3013.179931640625,134.97999572753906
2019-07-31,2980.3798828125,133.2100067138672
2019-08-01,2953.56005859375,136.41000366210938
2019-08-02,2932.050048828125,135.88999938964844
2019-08-05,2844.739990234375,137.7899932861328
2019-08-06,2881.77001953125,138.91000366210938
2019-08-07,2883.97998046875,141.02000427246094
2019-08-08,2938.090087890625,141.72999572753906
2019-08-09,2918.64990234375,141.25999450683594
2019-08-12,2882.699951171875,142.6300048828125
2019-08-13,2926.320068359375,141.77999877929688
2019-08-14,2840.60009765625,142.75
2019-08-15,2847.60009765625,143.6999969482422
2019-08-16,2888.679931640625,142.77999877929688
2019-08-19,2923.64990234375,141.11000061035156
2019-08-20,2900.510009765625,142.2100067138672
2019-08-21,2924.429931640625,141.75999450683594
2019-08-22,2922.949951171875,141.39999389648438
2019-08-23,2847.110107421875,144.1699981689453
2019-08-26,2878.3798828125,144.19000244140625
2019-08-27,2869.159912109375,145.57000732421875
2019-08-28,2887.93994140625,145.16000366210938
2019-08-29,2924.580078125,144.1199951171875
2019-08-30,2926.4599609375,143.75
2019-09-03,2906.27001953125,145.75
2019-09-04,2937.780029296875,146.66000366210938
2019-09-05,2976.0,143.13999938964844
2019-09-06,2978.7099609375,141.9199981689453
2019-09-09,2978.429931640625,141.38999938964844
2019-09-10,2979.389892578125,140.17999267578125
2019-09-11,3000.929931640625,141.02999877929688
2019-09-12,3009.570068359375,141.32000732421875
2019-09-13,3007.389892578125,140.14999389648438
2019-09-16,2997.9599609375,141.32000732421875
2019-09-17,3005.699951171875,141.60000610351562
2019-09-18,3006.72998046875,140.7100067138672
2019-09-19,3006.7900390625,141.27999877929688
2019-09-20,2992.070068359375,142.9499969482422
2019-09-23,2991.780029296875,143.75
2019-09-24,2966.60009765625,144.50999450683594
2019-09-25,2984.8701171875,141.8300018310547
2019-09-26,2977.6201171875,141.7899932861328
2019-09-27,2961.7900390625,141.05999755859375
2019-09-30,2976.739990234375,138.8699951171875
2019-10-01,2940.25,139.6300048828125
2019-10-02,2887.610107421875,141.25999450683594
2019-10-03,2910.6298828125,141.89999389648438
2019-10-04,2952.010009765625,141.89999389648438
2019-10-07,2938.7900390625,140.69000244140625
2019-10-08,2893.06005859375,141.9199981689453
2019-10-09,2919.39990234375,142.0500030517578
2019-10-10,2938.1298828125,140.80999755859375
2019-10-11,2970.27001953125,140.02999877929688
2019-10-14,2966.14990234375,140.58999633789062
2019-10-15,2995.679931640625,139.61000061035156
2019-10-16,2989.68994140625,140.41000366210938
2019-10-17,2997.949951171875,140.61000061035156
2019-10-18,2986.199951171875,140.4600067138672
2019-10-21,3006.719970703125,139.7899932861328
2019-10-22,2995.989990234375,140.1999969482422
2019-10-23,3004.52001953125,140.52999877929688
2019-10-24,3010.2900390625,141.52999877929688
2019-10-25,3022.550048828125,141.86000061035156
2019-10-28,3039.419921875,140.63999938964844
2019-10-29,3036.889892578125,140.25
2019-10-30,3046.77001953125,141.02000427246094
2019-10-31,3037.56005859375,142.42999267578125
2019-11-01,3066.909912109375,142.55999755859375
2019-11-04,3078.27001953125,142.14999389648438
2019-11-05,3074.6201171875,139.85000610351562
2019-11-06,3076.780029296875,140.4499969482422
2019-11-07,3085.179931640625,138.27000427246094
2019-11-08,3093.080078125,137.38999938964844
2019-11-11,3087.010009765625,137.05999755859375
2019-11-12,3091.840087890625,137.42999267578125
2019-11-13,3094.0400390625,137.97999572753906
2019-11-14,3096.6298828125,138.55999755859375
2019-11-15,3120.4599609375,138.2100067138672
2019-11-18,3122.030029296875,138.6199951171875
2019-11-19,3120.179931640625,138.69000244140625
2019-11-20,3108.4599609375,138.75999450683594
2019-11-21,3103.5400390625,138.0
2019-11-22,3110.2900390625,137.74000549316406
2019-11-25,3133.639892578125,137.0800018310547
2019-11-26,3140.52001953125,137.74000549316406
2019-11-27,3153.6298828125,137.00999450683594
2019-11-29,3140.97998046875,137.86000061035156
2019-12-02,3113.8701171875,137.7899932861328
2019-12-03,3093.199951171875,139.11000061035156
2019-12-04,3112.760009765625,138.9199981689453
2019-12-05,3117.429931640625,139.0
2019-12-06,3145.909912109375,137.6199951171875
2019-12-09,3135.9599609375,137.5800018310547
2019-12-10,3132.52001953125,137.97000122070312
2019-12-11,3141.6298828125,138.9199981689453
2019-12-12,3168.570068359375,138.42999267578125
2019-12-13,3168.800048828125,139.0500030517578
2019-12-16,3191.449951171875,139.0399932861328
2019-12-17,3192.52001953125,139.00999450683594
2019-12-18,3191.139892578125,139.02000427246094
2019-12-19,3205.3701171875,139.3800048828125
2019-12-20,3221.219970703125,139.52000427246094
2019-12-23,3224.010009765625,139.9499969482422
2019-12-24,3223.3798828125,141.27000427246094
2019-12-26,3239.909912109375,142.3800048828125
2019-12-27,3240.02001953125,142.3300018310547
2019-12-30,3221.2900390625,142.6300048828125
2019-12-31,3230.780029296875,142.89999389648438
2020-01-02,3257.85009765625,143.9499969482422
2020-01-03,3234.85009765625,145.86000061035156
2020-01-06,3246.280029296875,147.38999938964844
2020-01-07,3237.179931640625,147.97000122070312
2020-01-08,3253.050048828125,146.86000061035156
2020-01-09,3274.699951171875,146.02999877929688
2020-01-10,3265.35009765625,146.91000366210938
2020-01-13,3288.1298828125,145.82000732421875
2020-01-14,3283.14990234375,145.69000244140625
2020-01-15,3289.2900390625,146.5399932861328
2020-01-16,3316.81005859375,146.30999755859375
2020-01-17,3329.6201171875,146.5800018310547
2020-01-21,3320.7900390625,146.74000549316406
2020-01-22,3321.75,146.7899932861328
2020-01-23,3325.5400390625,147.1199951171875
2020-01-24,3295.469970703125,147.97999572753906
2020-01-27,3243.6298828125,148.99000549316406
2020-01-28,3276.239990234375,147.66000366210938
2020-01-29,3273.39990234375,148.4600067138672
2020-01-30,3283.659912109375,148.47000122070312
2020-01-31,3225.52001953125,149.3300018310547
2020-02-03,3248.919921875,148.36000061035156
2020-02-04,3297.590087890625,146.42999267578125
2020-02-05,3334.68994140625,146.61000061035156
2020-02-06,3345.780029296875,147.39999389648438
2020-02-07,3327.7099609375,147.7899932861328
2020-02-10,3352.090087890625,148.1699981689453
2020-02-11,3357.75,147.66000366210938
2020-02-12,3379.449951171875,147.5399932861328
2020-02-13,3373.93994140625,148.3800048828125
2020-02-14,3380.159912109375,149.0
2020-02-18,3370.2900390625,150.91000366210938
2020-02-19,3386.14990234375,151.7899932861328
2020-02-20,3373.22998046875,152.41000366210938
2020-02-21,3337.75,154.6999969482422
2020-02-24,3225.889892578125,156.08999633789062
2020-02-25,3128.2099609375,153.3000030517578
2020-02-26,3116.389892578125,153.97000122070312
2020-02-27,2978.760009765625,154.0
2020-02-28,2954.219970703125,148.3800048828125
2020-03-02,3090.22998046875,149.1999969482422
2020-03-03,3003.3701171875,153.88999938964844
2020-03-04,3130.1201171875,154.16000366210938
2020-03-05,3023.93994140625,157.49000549316406
2020-03-06,2972.3701171875,157.5500030517578
2020-03-09,2746.56005859375,157.80999755859375
2020-03-10,2882.22998046875,154.47999572753906
2020-03-11,2741.3798828125,153.92999267578125
2020-03-12,2480.639892578125,147.7899932861328
2020-03-13,2711.02001953125,143.27999877929688
2020-03-16,2386.1298828125,141.63999938964844
2020-03-17,2529.18994140625,143.55999755859375
2020-03-18,2398.10009765625,140.6999969482422
2020-03-19,2409.389892578125,138.0399932861328
2020-03-20,2304.919921875,140.11000061035156
2020-03-23,2237.39990234375,146.3000030517578
2020-03-24,2447.330078125,153.39999389648438
2020-03-25,2475.56005859375,151.3000030517578
2020-03-26,2630.070068359375,153.24000549316406
2020-03-27,2541.469970703125,152.25
2020-03-30,2626.64990234375,152.9199981689453
2020-03-31,2584.590087890625,148.0500030517578
2020-04-01,2470.5,149.4499969482422
2020-04-02,2526.89990234375,151.89999389648438
2020-04-03,2488.64990234375,152.64999389648438
2020-04-06,2663.679931640625,156.8800048828125
2020-04-07,2659.409912109375,156.0399932861328
2020-04-08,2749.97998046875,154.64999389648438
2020-04-09,2789.820068359375,158.69000244140625
2020-04-13,2761.6298828125,161.41000366210938
2020-04-14,2846.06005859375,162.67999267578125
2020-04-15,2783.360107421875,161.85000610351562
2020-04-16,2799.550048828125,161.7100067138672
2020-04-17,2874.56005859375,158.57000732421875
2020-04-20,2823.159912109375,159.6999969482422
2020-04-21,2736.56005859375,158.61000061035156
2020-04-22,2799.31005859375,161.72999572753906
2020-04-23,2797.800048828125,163.33999633789062
2020-04-24,2836.739990234375,162.63999938964844
2020-04-27,2878.47998046875,161.55999755859375
2020-04-28,2863.389892578125,160.83999633789062
2020-04-29,2939.510009765625,161.72999572753906
2020-04-30,2912.429931640625,158.8000030517578
2020-05-01,2830.7099609375,159.77999877929688
2020-05-04,2842.739990234375,160.33999633789062
2020-05-05,2868.43994140625,161.02000427246094
2020-05-06,2848.419921875,158.9499969482422
2020-05-07,2881.18994140625,161.38999938964844
2020-05-08,2929.800048828125,160.4199981689453
2020-05-11,2930.18994140625,159.4199981689453
2020-05-12,2870.1201171875,160.0399932861328
2020-05-13,2820.0,161.5800018310547
2020-05-14,2852.5,163.00999450683594
2020-05-15,2863.699951171875,163.92999267578125
2020-05-18,2953.909912109375,162.69000244140625
2020-05-19,2922.93994140625,164.25999450683594
2020-05-20,2971.610107421875,164.64999389648438
2020-05-21,2948.510009765625,162.25
2020-05-22,2955.449951171875,163.2100067138672
2020-05-26,2991.77001953125,160.88999938964844
2020-05-27,3036.1298828125,161.17999267578125
2020-05-28,3029.72998046875,161.72000122070312
2020-05-29,3044.31005859375,162.91000366210938
2020-06-01,3055.72998046875,163.66000366210938
2020-06-02,3080.820068359375,162.60000610351562
2020-06-03,3122.8701171875,159.60000610351562
2020-06-04,3112.35009765625,161.27999877929688
2020-06-05,3193.929931640625,158.00999450683594
2020-06-08,3232.389892578125,159.72000122070312
2020-06-09,3207.179931640625,161.25999450683594
2020-06-10,3190.139892578125,163.57000732421875
2020-06-11,3002.10009765625,162.38999938964844
2020-06-12,3041.31005859375,162.6199951171875
2020-06-15,3066.590087890625,162.3300018310547
2020-06-16,3124.739990234375,162.25
2020-06-17,3113.489990234375,162.55999755859375
2020-06-18,3115.340087890625,162.24000549316406
2020-06-19,3097.739990234375,164.02999877929688
2020-06-22,3117.860107421875,165.08999633789062
2020-06-23,3131.2900390625,166.47999572753906
2020-06-24,3050.330078125,165.89999389648438
2020-06-25,3083.760009765625,165.8000030517578
2020-06-26,3009.050048828125,166.5399932861328
2020-06-29,3053.239990234375,166.6300048828125
2020-06-30,3100.2900390625,167.3699951171875
2020-07-01,3115.860107421875,166.6199951171875
2020-07-02,3130.010009765625,166.97999572753906
2020-07-06,3179.719970703125,167.97999572753906
2020-07-07,3145.320068359375,169.0399932861328
2020-07-08,3169.93994140625,170.08999633789062
2020-07-09,3152.050048828125,169.6300048828125
2020-07-10,3185.0400390625,169.19000244140625
2020-07-13,3155.219970703125,169.39999389648438
2020-07-14,3197.52001953125,170.19000244140625
2020-07-15,3226.56005859375,170.33999633789062
2020-07-16,3215.570068359375,168.72999572753906
2020-07-17,3224.72998046875,170.1199951171875
2020-07-20,3251.840087890625,170.94000244140625
2020-07-21,3257.300048828125,173.0
2020-07-22,3276.02001953125,175.6300048828125
2020-07-23,3235.659912109375,177.17999267578125
2020-07-24,3215.6298828125,178.6999969482422
2020-07-27,3239.409912109375,182.22999572753906
2020-07-28,3218.43994140625,183.75
2020-07-29,3258.43994140625,185.1300048828125
2020-07-30,3246.219970703125,183.75999450683594
2020-07-31,3271.1201171875,185.42999267578125
2020-08-03,3294.610107421875,185.63999938964844
2020-08-04,3306.510009765625,189.58999633789062
2020-08-05,3327.77001953125,191.35000610351562
2020-08-06,3349.159912109375,193.88999938964844
2020-08-07,3351.280029296875,190.80999755859375
2020-08-10,3360.469970703125,190.14999389648438
2020-08-11,3333.68994140625,179.94000244140625
2020-08-12,3380.35009765625,179.10000610351562
2020-08-13,3373.429931640625,183.3300018310547
2020-08-14,3372.85009765625,182.5399932861328
2020-08-17,3381.989990234375,186.5
2020-08-18,3389.780029296875,188.17999267578125
2020-08-19,3374.85009765625,182.24000549316406
2020-08-20,3385.510009765625,183.5
2020-08-21,3397.159912109375,182.02999877929688
2020-08-24,3431.280029296875,181.0
2020-08-25,3443.6201171875,181.22000122070312
2020-08-26,3478.72998046875,183.36000061035156
2020-08-27,3484.550048828125,181.24000549316406
2020-08-28,3508.010009765625,184.38999938964844
2020-08-31,3500.31005859375,184.8300018310547
2020-09-01,3526.64990234375,185.0500030517578
2020-09-02,3580.840087890625,182.6199951171875
2020-09-03,3455.06005859375,181.13999938964844
2020-09-04,3426.9599609375,181.63999938964844
2020-09-08,3331.840087890625,181.2899932861328
2020-09-09,3398.9599609375,183.0500030517578
2020-09-10,3339.18994140625,182.4600067138672
2020-09-11,3340.969970703125,182.4499969482422
2020-09-14,3383.5400390625,183.88999938964844
2020-09-15,3401.199951171875,183.4499969482422
2020-09-16,3385.489990234375,183.97000122070312
2020-09-17,3357.010009765625,182.9600067138672
2020-09-18,3319.469970703125,183.1999969482422
2020-09-21,3281.06005859375,179.52000427246094
2020-09-22,3315.570068359375,178.64999389648438
2020-09-23,3236.919921875,174.7899932861328
2020-09-24,3246.590087890625,175.44000244140625
2020-09-25,3298.4599609375,174.94000244140625
2020-09-28,3351.60009765625,176.6999969482422
2020-09-29,3335.469970703125,178.19000244140625
2020-09-30,3363.0,177.1199951171875
2020-10-01,3380.800048828125,178.6999969482422
2020-10-02,3348.419921875,178.5399932861328
2020-10-05,3408.60009765625,179.41000366210938
2020-10-06,3360.969970703125,177.3000030517578
2020-10-07,3419.43994140625,177.22000122070312
2020-10-08,3446.830078125,177.85000610351562
2020-10-09,3477.139892578125,181.0800018310547
2020-10-12,3534.219970703125,180.55999755859375
2020-10-13,3511.929931640625,177.72000122070312
2020-10-14,3488.669921875,178.27000427246094
2020-10-15,3483.340087890625,178.9199981689453
2020-10-16,3483.81005859375,178.3000030517578
2020-10-19,3426.919921875,178.38999938964844
2020-10-20,3443.1201171875,179.25
2020-10-21,3435.56005859375,180.60000610351562
2020-10-22,3453.489990234375,178.8300018310547
2020-10-23,3465.389892578125,178.63999938964844
2020-10-26,3400.969970703125,178.5500030517578
2020-10-27,3390.679931640625,179.02000427246094
2020-10-28,3271.030029296875,176.1300048828125
2020-10-29,3310.110107421875,175.39999389648438
2020-10-30,3269.9599609375,176.1999969482422
2020-11-02,3310.239990234375,177.91000366210938
2020-11-03,3369.159912109375,178.9199981689453
2020-11-04,3443.43994140625,178.82000732421875
2020-11-05,3510.449951171875,182.92999267578125
2020-11-06,3509.43994140625,183.19000244140625
2020-11-09,3550.5,175.0800018310547
2020-11-10,3545.530029296875,175.66000366210938
2020-11-11,3572.659912109375,174.89999389648438
2020-11-12,3537.010009765625,175.9600067138672
2020-11-13,3585.14990234375,177.16000366210938
2020-11-16,3626.909912109375,177.14999389648438
2020-11-17,3609.530029296875,176.5
2020-11-18,3567.7900390625,175.49000549316406
2020-11-19,3581.8701171875,175.16000366210938
2020-11-20,3557.5400390625,175.69000244140625
2020-11-23,3577.590087890625,172.22999572753906
2020-11-24,3635.409912109375,169.58999633789062
2020-11-25,3629.64990234375,169.50999450683594
2020-11-27,3638.35009765625,167.7899932861328
2020-11-30,3621.6298828125,166.6699981689453
2020-12-01,3662.449951171875,170.17999267578125
2020-12-02,3669.010009765625,171.4600067138672
2020-12-03,3666.719970703125,172.80999755859375
2020-12-04,3699.1201171875,172.32000732421875
2020-12-07,3691.9599609375,174.88999938964844
2020-12-08,3702.25,175.5
2020-12-09,3672.820068359375,172.5
2020-12-10,3668.10009765625,172.1699981689453
2020-12-11,3663.4599609375,172.49000549316406
2020-12-14,3647.489990234375,171.5399932861328
2020-12-15,3694.6201171875,173.94000244140625
2020-12-16,3701.169921875,174.89999389648438
2020-12-17,3722.47998046875,176.74000549316406
2020-12-18,3709.409912109375,176.44000244140625
2020-12-21,3694.919921875,175.8800048828125
2020-12-22,3687.260009765625,174.49000549316406
2020-12-23,3690.010009765625,175.64999389648438
2020-12-24,3703.06005859375,176.35000610351562
2020-12-28,3735.360107421875,175.7100067138672
2020-12-29,3727.0400390625,176.35000610351562
2020-12-30,3732.0400390625,177.6999969482422
2020-12-31,3756.070068359375,178.36000061035156
2021-01-04,3700.64990234375,182.3300018310547
2021-01-05,3726.860107421875,182.8699951171875
2021-01-06,3748.139892578125,179.89999389648438
2021-01-07,3803.7900390625,179.47999572753906
2021-01-08,3824.679931640625,173.33999633789062
2021-01-11,3799.610107421875,173.0
2021-01-12,3801.18994140625,174.1199951171875
2021-01-13,3809.840087890625,173.3699951171875
2021-01-14,3795.5400390625,173.27999877929688
2021-01-15,3768.25,171.1300048828125
2021-01-19,3798.909912109375,172.5800018310547
2021-01-20,3851.85009765625,175.38999938964844
2021-01-21,3853.070068359375,175.27999877929688
2021-01-22,3841.469970703125,173.89999389648438
2021-01-25,3855.360107421875,174.0500030517578
2021-01-26,3849.6201171875,173.6199951171875
2021-01-27,3750.77001953125,172.52000427246094
2021-01-28,3787.3798828125,172.67999267578125
2021-01-29,3714.239990234375,172.61000061035156
2021-02-01,3773.860107421875,174.22999572753906
2021-02-02,3826.31005859375,172.11000061035156
2021-02-03,3830.169921875,171.85000610351562
2021-02-04,3871.739990234375,168.14999389648438
2021-02-05,3886.830078125,169.80999755859375
2021-02-08,3915.590087890625,171.52000427246094
2021-02-09,3911.22998046875,172.0800018310547
2021-02-10,3909.8798828125,172.7100067138672
2021-02-11,3916.3798828125,171.2100067138672
2021-02-12,3934.830078125,170.69000244140625
2021-02-16,3932.590087890625,168.24000549316406
2021-02-17,3931.330078125,166.3300018310547
2021-02-18,3913.969970703125,166.32000732421875
2021-02-19,3906.7099609375,167.00999450683594
2021-02-22,3876.5,169.50999450683594
2021-02-23,3881.3701171875,169.1199951171875
2021-02-24,3925.429931640625,169.0
2021-02-25,3829.340087890625,165.82000732421875
2021-02-26,3811.14990234375,161.80999755859375
2021-03-01,3901.820068359375,161.52999877929688
2021-03-02,3870.2900390625,162.41000366210938
2021-03-03,3819.719970703125,160.6199951171875
2021-03-04,3768.469970703125,159.0399932861328
2021-03-05,3841.93994140625,159.13999938964844
2021-03-08,3821.35009765625,157.49000549316406
2021-03-09,3875.43994140625,160.83999633789062
2021-03-10,3898.81005859375,161.66000366210938
2021-03-11,3939.340087890625,161.52000427246094
2021-03-12,3943.340087890625,161.49000549316406
2021-03-15,3968.93994140625,162.1999969482422
2021-03-16,3962.7099609375,162.35000610351562
2021-03-17,3974.1201171875,163.50999450683594
2021-03-18,3915.4599609375,162.55999755859375
2021-03-19,3913.10009765625,163.24000549316406
2021-03-22,3940.590087890625,163.0
2021-03-23,3910.52001953125,161.80999755859375
2021-03-24,3889.139892578125,162.3699951171875
2021-03-25,3909.52001953125,161.77999877929688
2021-03-26,3974.5400390625,162.24000549316406
2021-03-29,3971.090087890625,160.30999755859375
2021-03-30,3958.550048828125,157.57000732421875
2021-03-31,3972.889892578125,159.9600067138672
2021-04-01,4019.8701171875,161.97999572753906
2021-04-05,4077.909912109375,161.9199981689453
2021-04-06,4073.93994140625,163.22000122070312
2021-04-07,4079.949951171875,162.75999450683594
2021-04-08,4097.169921875,164.50999450683594
2021-04-09,4128.7998046875,163.27000427246094
2021-04-12,4127.990234375,162.27999877929688
2021-04-13,4141.58984375,163.42999267578125
2021-04-14,4124.66015625,162.72000122070312
2021-04-15,4170.419921875,165.35000610351562
2021-04-16,4185.47021484375,166.35000610351562
2021-04-19,4163.259765625,165.88999938964844
2021-04-20,4134.93994140625,166.47999572753906
2021-04-21,4173.419921875,168.1300048828125
2021-04-22,4134.97998046875,167.0399932861328
2021-04-23,4180.169921875,166.39999389648438
2021-04-26,4187.6201171875,166.83999633789062
2021-04-27,4186.72021484375,166.4199981689453
2021-04-28,4183.18017578125,166.91000366210938
2021-04-29,4211.47021484375,166.22000122070312
2021-04-30,4181.169921875,165.66000366210938
2021-05-03,4192.66015625,167.80999755859375
2021-05-04,4164.66015625,166.5800018310547
2021-05-05,4167.58984375,167.27000427246094
2021-05-06,4201.6201171875,170.05999755859375
2021-05-07,4232.60009765625,171.58999633789062
2021-05-10,4188.43017578125,172.11000061035156
2021-05-11,4152.10009765625,172.13999938964844
2021-05-12,4063.0400390625,170.42999267578125
2021-05-13,4112.5,171.1300048828125
2021-05-14,4173.85009765625,172.69000244140625
2021-05-17,4163.2900390625,174.6999969482422
2021-05-18,4127.830078125,175.0399932861328
2021-05-19,4115.68017578125,175.16000366210938
2021-05-20,4159.1201171875,175.9600067138672
2021-05-21,4155.85986328125,176.0399932861328
2021-05-24,4197.0498046875,176.35000610351562
2021-05-25,4188.1298828125,177.9499969482422
2021-05-26,4195.990234375,177.63999938964844
2021-05-27,4200.8798828125,177.7100067138672
2021-05-28,4204.10986328125,178.3800048828125
2021-06-01,4202.0400390625,177.89999389648438
2021-06-02,4208.1201171875,178.77000427246094
2021-06-03,4192.85009765625,175.27000427246094
2021-06-04,4229.89013671875,177.16000366210938
2021-06-07,4226.52001953125,177.8699951171875
2021-06-08,4227.259765625,177.32000732421875
2021-06-09,4219.5498046875,176.97999572753906
2021-06-10,4239.18017578125,177.74000549316406
2021-06-11,4247.43994140625,175.74000549316406
2021-06-14,4255.14990234375,174.7100067138672
2021-06-15,4246.58984375,174.0500030517578
2021-06-16,4223.7001953125,171.11000061035156
2021-06-17,4221.85986328125,165.85000610351562
2021-06-18,4166.4501953125,164.92999267578125
2021-06-21,4224.7900390625,166.9499969482422
2021-06-22,4246.43994140625,166.25
2021-06-23,4241.83984375,166.13999938964844
2021-06-24,4266.490234375,166.0399932861328
2021-06-25,4280.7001953125,166.58999633789062
2021-06-28,4290.60986328125,166.5800018310547
2021-06-29,4291.7998046875,164.8300018310547
2021-06-30,4297.5,165.6300048828125
2021-07-01,4319.93994140625,166.1999969482422
2021-07-02,4352.33984375,167.2899932861328
2021-07-06,4343.5400390625,168.1199951171875
2021-07-07,4358.1298828125,168.75999450683594
2021-07-08,4320.81982421875,168.64999389648438
2021-07-09,4369.5498046875,169.2100067138672
2021-07-12,4384.6298828125,169.0
2021-07-13,4369.2099609375,169.22000122070312
2021-07-14,4374.2998046875,171.0399932861328
2021-07-15,4360.02978515625,171.07000732421875
2021-07-16,4327.16015625,169.41000366210938
2021-07-19,4258.490234375,169.61000061035156
2021-07-20,4323.06005859375,169.38999938964844
2021-07-21,4358.68994140625,168.75999450683594
2021-07-22,4367.47998046875,169.08999633789062
2021-07-23,4411.7900390625,168.55999755859375
2021-07-26,4422.2998046875,168.16000366210938
2021-07-27,4401.4599609375,168.44000244140625
2021-07-28,4400.64013671875,169.2899932861328
2021-07-29,4419.14990234375,171.1699981689453
2021-07-30,4395.259765625,169.82000732421875
2021-08-02,4387.16015625,169.61000061035156
2021-08-03,4423.14990234375,169.49000549316406
2021-08-04,4402.66015625,169.52999877929688
2021-08-05,4429.10009765625,168.86000061035156
2021-08-06,4436.52001953125,164.63999938964844
2021-08-09,4432.35009765625,161.72000122070312
2021-08-10,4436.75,161.77000427246094
2021-08-11,4442.41015625,164.0
2021-08-12,4460.830078125,164.0399932861328
2021-08-13,4468.0,166.38999938964844
2021-08-16,4479.7099609375,167.22000122070312
2021-08-17,4448.080078125,166.97000122070312
2021-08-18,4400.27001953125,167.10000610351562
2021-08-19,4405.7998046875,166.61000061035156
2021-08-20,4441.669921875,166.6999969482422
2021-08-23,4479.52978515625,168.72999572753906
2021-08-24,4486.22998046875,168.64999389648438
2021-08-25,4496.18994140625,167.47999572753906
2021-08-26,4470.0,167.6699981689453
2021-08-27,4509.3701171875,170.19000244140625
2021-08-30,4528.7900390625,169.35000610351562
2021-08-31,4522.68017578125,169.69000244140625
2021-09-01,4524.08984375,169.6999969482422
2021-09-02,4536.9501953125,169.25
2021-09-03,4535.43017578125,171.05999755859375
2021-09-07,4520.02978515625,167.7100067138672
2021-09-08,4514.06982421875,167.2899932861328
2021-09-09,4493.27978515625,168.02999877929688
2021-09-10,4458.580078125,167.17999267578125
2021-09-13,4468.72998046875,167.74000549316406
2021-09-14,4443.0498046875,168.82000732421875
2021-09-15,4480.7001953125,167.8300018310547
2021-09-16,4473.75,164.02999877929688
2021-09-17,4432.990234375,163.77000427246094
2021-09-20,4357.72998046875,164.94000244140625
2021-09-21,4354.18994140625,166.0399932861328
2021-09-22,4395.64013671875,165.4199981689453
2021-09-23,4448.97998046875,163.50999450683594
2021-09-24,4455.47998046875,163.3000030517578
2021-09-27,4443.10986328125,163.63999938964844
2021-09-28,4352.6298828125,162.0500030517578
2021-09-29,4359.4599609375,161.32000732421875
2021-09-30,4307.5400390625,164.22000122070312
2021-10-01,4357.0400390625,164.58999633789062
2021-10-04,4300.4599609375,165.36000061035156
2021-10-05,4345.72021484375,164.58999633789062
2021-10-06,4363.5498046875,165.02999877929688
2021-10-07,4399.759765625,164.16000366210938
2021-10-08,4391.33984375,164.22999572753906
2021-10-11,4361.18994140625,163.9199981689453
2021-10-12,4350.64990234375,164.66000366210938
2021-10-13,4363.7998046875,167.58999633789062
2021-10-14,4438.259765625,168.0
2021-10-15,4471.3701171875,165.3300018310547
2021-10-18,4486.4599609375,164.9199981689453
2021-10-19,4519.6298828125,165.4499969482422
2021-10-20,4536.18994140625,166.89999389648438
2021-10-21,4549.77978515625,166.75
2021-10-22,4544.89990234375,167.77000427246094
2021-10-25,4566.47998046875,168.92999267578125
2021-10-26,4574.7900390625,167.67999267578125
2021-10-27,4551.68017578125,168.1199951171875
2021-10-28,4596.419921875,168.0800018310547
2021-10-29,4605.3798828125,166.64999389648438
2021-11-01,4613.669921875,167.52000427246094
2021-11-02,4630.64990234375,167.16000366210938
2021-11-03,4660.56982421875,165.77000427246094
2021-11-04,4680.06005859375,167.64999389648438
2021-11-05,4697.52978515625,169.83999633789062
2021-11-08,4701.7001953125,170.4499969482422
2021-11-09,4685.25,171.2899932861328
2021-11-10,4646.7099609375,173.14999389648438
2021-11-11,4649.27001953125,174.1199951171875
2021-11-12,4682.85009765625,174.4499969482422
2021-11-15,4682.7998046875,174.17999267578125
2021-11-16,4700.89990234375,172.9199981689453
2021-11-17,4688.669921875,174.5
2021-11-18,4704.5400390625,173.94000244140625
2021-11-19,4697.9599609375,172.61000061035156
2021-11-22,4682.93994140625,168.74000549316406
2021-11-23,4690.7001953125,167.27999877929688
2021-11-24,4701.4599609375,167.1199951171875
2021-11-26,4594.6201171875,166.85000610351562
2021-11-29,4655.27001953125,166.6199951171875
2021-11-30,4567.0,165.5
2021-12-01,4513.0400390625,166.16000366210938
2021-12-02,4577.10009765625,165.24000549316406
2021-12-03,4538.43017578125,166.6300048828125
2021-12-06,4591.669921875,166.22000122070312
2021-12-07,4686.75,166.80999755859375
2021-12-08,4701.2099609375,166.89999389648438
2021-12-09,4667.4501953125,165.8800048828125
2021-12-10,4712.02001953125,166.5800018310547
2021-12-13,4668.97021484375,167.0
2021-12-14,4634.08984375,165.44000244140625
2021-12-15,4709.85009765625,166.14999389648438
2021-12-16,4668.669921875,168.16000366210938
2021-12-17,4620.64013671875,167.8000030517578
2021-12-20,4568.02001953125,167.08999633789062
2021-12-21,4649.22998046875,167.02000427246094
2021-12-22,4696.56005859375,168.58999633789062
2021-12-23,4725.7900390625,168.97000122070312
2021-12-27,4791.18994140625,169.3699951171875
2021-12-28,4786.35009765625,168.63999938964844
2021-12-29,4793.06005859375,168.58999633789062
2021-12-30,4778.72998046875,169.8000030517578
2021-12-31,4766.18017578125,170.9600067138672
2022-01-03,4796.56005859375,168.3300018310547
2022-01-04,4793.5400390625,169.57000732421875
2022-01-05,4700.580078125,169.05999755859375
2022-01-06,4696.0498046875,166.99000549316406
2022-01-07,4677.02978515625,167.75
2022-01-10,4670.2900390625,168.25999450683594
2022-01-11,4713.06982421875,170.2899932861328
2022-01-12,4726.35009765625,170.74000549316406
2022-01-13,4659.02978515625,170.16000366210938
2022-01-14,4662.85009765625,169.6699981689453
2022-01-18,4577.10986328125,169.38999938964844
2022-01-19,4532.759765625,172.0800018310547
2022-01-20,4482.72998046875,171.64999389648438
2022-01-21,4397.93994140625,171.08999633789062
2022-01-24,4410.1298828125,172.02999877929688
2022-01-25,4356.4501953125,172.5800018310547
2022-01-26,4349.93017578125,169.7899932861328
2022-01-27,4326.509765625,167.60000610351562
2022-01-28,4431.85009765625,167.10000610351562
2022-01-31,4515.5498046875,168.08999633789062
2022-02-01,4546.5400390625,168.22999572753906
2022-02-02,4589.3798828125,168.83999633789062
2022-02-03,4477.43994140625,168.60000610351562
2022-02-04,4500.52978515625,168.86000061035156
2022-02-07,4483.8701171875,170.11000061035156
2022-02-08,4521.5400390625,170.6300048828125
2022-02-09,4587.18017578125,171.2100067138672
2022-02-10,4504.080078125,170.55999755859375
2022-02-11,4418.64013671875,173.80999755859375
2022-02-14,4401.669921875,174.74000549316406
2022-02-15,4471.06982421875,173.0800018310547
2022-02-16,4475.009765625,174.86000061035156
2022-02-17,4380.259765625,177.25
2022-02-18,4348.8701171875,177.1199951171875
2022-02-22,4304.759765625,177.49000549316406
2022-02-23,4225.5,178.2899932861328
2022-02-24,4288.7001953125,177.13999938964844
2022-02-25,4384.64990234375,176.5500030517578
2022-02-28,4373.93994140625,178.3800048828125
2022-03-01,4306.259765625,181.6199951171875
2022-03-02,4386.5400390625,179.72999572753906
2022-03-03,4363.490234375,180.8000030517578
2022-03-04,4328.8701171875,183.67999267578125
2022-03-07,4201.08984375,186.41000366210938
2022-03-08,4170.7001953125,191.50999450683594
2022-03-09,4277.8798828125,185.82000732421875
2022-03-10,4259.52001953125,186.39999389648438
2022-03-11,4204.31005859375,185.08999633789062
2022-03-14,4173.10986328125,182.3000030517578
2022-03-15,4262.4501953125,178.88999938964844
2022-03-16,4357.85986328125,180.00999450683594
2022-03-17,4411.669921875,180.88999938964844
2022-03-18,4463.1201171875,179.3000030517578
2022-03-21,4461.18017578125,180.6699981689453
2022-03-22,4511.60986328125,179.36000061035156
2022-03-23,4456.240234375,181.80999755859375
2022-03-24,4520.16015625,183.1300048828125
2022-03-25,4543.06005859375,182.3800048828125
2022-03-28,4575.52001953125,179.05999755859375
2022-03-29,4631.60009765625,179.13999938964844
2022-03-30,4602.4501953125,180.5800018310547
2022-03-31,4530.41015625,180.64999389648438
2022-04-01,4545.85986328125,179.5
2022-04-04,4582.64013671875,180.3699951171875
2022-04-05,4525.1201171875,179.24000549316406
2022-04-06,4481.14990234375,179.66000366210938
2022-04-07,4500.2099609375,180.33999633789062
2022-04-08,4488.27978515625,181.47000122070312
2022-04-11,4412.52978515625,182.3699951171875
2022-04-12,4397.4501953125,183.77000427246094
2022-04-13,4446.58984375,184.64999389648438
2022-04-14,4392.58984375,184.0399932861328
2022-04-18,4391.68994140625,184.61000061035156
2022-04-19,4462.2099609375,181.82000732421875
2022-04-20,4459.4501953125,182.7100067138672
2022-04-21,4393.66015625,182.05999755859375
2022-04-22,4271.77978515625,180.2899932861328
2022-04-25,4296.1201171875,177.0500030517578
2022-04-26,4175.2001953125,177.32000732421875
2022-04-27,4183.9599609375,175.97999572753906
2022-04-28,4287.5,176.92999267578125
2022-04-29,4131.93017578125,176.91000366210938
2022-05-02,4155.3798828125,173.6300048828125
2022-05-03,4175.47998046875,174.08999633789062
2022-05-04,4300.169921875,175.8000030517578
2022-05-05,4146.8701171875,175.1300048828125
2022-05-06,4123.33984375,175.4199981689453
2022-05-09,3991.239990234375,172.8800048828125
2022-05-10,4001.050048828125,171.4199981689453
2022-05-11,3935.179931640625,172.82000732421875
2022-05-12,3930.080078125,170.1699981689453
2022-05-13,4023.889892578125,168.7899932861328
2022-05-16,4008.010009765625,170.39999389648438
2022-05-17,4088.85009765625,169.3300018310547
2022-05-18,3923.679931640625,169.4199981689453
2022-05-19,3900.7900390625,171.91000366210938
2022-05-20,3901.360107421875,172.02999877929688
2022-05-23,3973.75,172.8300018310547
2022-05-24,3941.47998046875,174.1300048828125
2022-05-25,3978.72998046875,173.0800018310547
2022-05-26,4057.840087890625,172.75999450683594
2022-05-27,4158.240234375,172.85000610351562
2022-05-31,4132.14990234375,171.13999938964844
2022-06-01,4101.22998046875,172.22999572753906
2022-06-02,4176.81982421875,174.35000610351562
2022-06-03,4108.5400390625,172.5800018310547
2022-06-06,4121.43017578125,171.82000732421875
2022-06-07,4160.68017578125,172.94000244140625
2022-06-08,4115.77001953125,172.77999877929688
2022-06-09,4017.820068359375,172.22999572753906
2022-06-10,3900.860107421875,174.5399932861328
2022-06-13,3749.6298828125,169.92999267578125
2022-06-14,3735.47998046875,168.57000732421875
2022-06-15,3789.989990234375,170.77000427246094
2022-06-16,3666.77001953125,172.69000244140625
2022-06-17,3674.840087890625,171.27000427246094
2022-06-21,3764.7900390625,170.6300048828125
2022-06-22,3759.889892578125,171.30999755859375
2022-06-23,3795.72998046875,170.25999450683594
2022-06-24,3911.739990234375,170.08999633789062
2022-06-27,3900.110107421875,169.89999389648438
2022-06-28,3821.550048828125,169.6199951171875
2022-06-29,3818.830078125,169.49000549316406
2022-06-30,3785.3798828125,168.4600067138672
2022-07-01,3825.330078125,168.32000732421875
2022-07-05,3831.389892578125,164.75
2022-07-06,3845.080078125,162.13999938964844
2022-07-07,3902.6201171875,162.22999572753906
2022-07-08,3899.3798828125,162.3000030517578
2022-07-11,3854.429931640625,161.42999267578125
2022-07-12,3818.800048828125,160.8300018310547
2022-07-13,3801.780029296875,161.60000610351562
2022-07-14,3790.3798828125,159.3300018310547
2022-07-15,3863.159912109375,159.00999450683594
2022-07-18,3830.85009765625,159.16000366210938
2022-07-19,3936.68994140625,159.5399932861328
2022-07-20,3959.89990234375,158.0399932861328
2022-07-21,3998.949951171875,160.27000427246094
2022-07-22,3961.6298828125,160.6699981689453
2022-07-25,3966.840087890625,160.22999572753906
2022-07-26,3921.050048828125,160.0399932861328
2022-07-27,4023.610107421875,161.6699981689453
2022-07-28,4072.429931640625,163.63999938964844
2022-07-29,4130.2900390625,164.10000610351562
2022-08-01,4118.6298828125,165.02999877929688
2022-08-02,4091.18994140625,164.0500030517578
2022-08-03,4155.169921875,164.4499969482422
2022-08-04,4151.93994140625,167.1699981689453
2022-08-05,4145.18994140625,165.2899932861328
2022-08-08,4140.06005859375,166.69000244140625
2022-08-09,4122.47021484375,167.1999969482422
2022-08-10,4210.240234375,166.77999877929688
2022-08-11,4207.27001953125,166.33999633789062
2022-08-12,4280.14990234375,167.8699951171875
2022-08-15,4297.14013671875,165.7100067138672
2022-08-16,4305.2001953125,165.4199981689453
2022-08-17,4274.0400390625,164.35000610351562
2022-08-18,4283.740234375,163.9199981689453
2022-08-19,4228.47998046875,162.72000122070312
2022-08-22,4137.990234375,161.63999938964844
2022-08-23,4128.72998046875,162.77000427246094
2022-08-24,4140.77001953125,163.25
2022-08-25,4199.1201171875,163.75
2022-08-26,4057.659912109375,161.75999450683594
2022-08-29,4030.610107421875,161.86000061035156
2022-08-30,3986.159912109375,160.50999450683594
2022-08-31,3955.0,159.27000427246094
2022-09-01,3966.85009765625,157.8699951171875
2022-09-02,3924.260009765625,159.25999450683594
2022-09-06,3908.18994140625,158.3300018310547
2022-09-07,3979.8701171875,159.94000244140625
2022-09-08,4006.179931640625,158.97999572753906
2022-09-09,4067.360107421875,159.82000732421875
2022-09-12,4110.41015625,160.6300048828125
2022-09-13,3932.68994140625,158.5399932861328
2022-09-14,3946.010009765625,157.92999267578125
2022-09-15,3901.35009765625,154.97999572753906
2022-09-16,3873.330078125,155.83999633789062
2022-09-19,3899.889892578125,155.9600067138672
2022-09-20,3855.929931640625,155.07000732421875
2022-09-21,3789.929931640625,155.7899932861328
2022-09-22,3757.989990234375,155.6999969482422
2022-09-23,3693.22998046875,153.00999450683594
2022-09-26,3655.0400390625,151.22999572753906
2022-09-27,3647.2900390625,151.5399932861328
2022-09-28,3719.0400390625,154.69000244140625
2022-09-29,3640.469970703125,154.66000366210938
2022-09-30,3585.6201171875,154.6699981689453
2022-10-03,3678.429931640625,158.42999267578125
2022-10-04,3790.929931640625,160.6999969482422
2022-10-05,3783.280029296875,159.80999755859375
2022-10-06,3744.52001953125,159.6300048828125
2022-10-07,3639.659912109375,157.8800048828125
2022-10-10,3612.389892578125,155.47999572753906
2022-10-11,3588.840087890625,155.16000366210938
2022-10-12,3577.030029296875,155.99000549316406
2022-10-13,3669.909912109375,154.91000366210938
2022-10-14,3583.070068359375,152.97999572753906
2022-10-17,3677.949951171875,153.4199981689453
2022-10-18,3719.97998046875,153.75
2022-10-19,3695.159912109375,151.69000244140625
2022-10-20,3665.780029296875,151.4499969482422
2022-10-21,3752.75,154.14999389648438
2022-10-24,3797.340087890625,153.64999389648438
2022-10-25,3859.110107421875,154.0
2022-10-26,3830.60009765625,154.97999572753906
2022-10-27,3807.300048828125,154.74000549316406
2022-10-28,3901.06005859375,153.16000366210938
2022-10-31,3871.97998046875,151.91000366210938
2022-11-01,3856.10009765625,153.4600067138672
2022-11-02,3759.68994140625,152.38999938964844
2022-11-03,3719.889892578125,151.80999755859375
2022-11-04,3770.550048828125,156.47000122070312
2022-11-07,3806.800048828125,155.85000610351562
2022-11-08,3828.110107421875,159.4499969482422
2022-11-09,3748.570068359375,158.64999389648438
2022-11-10,3956.3701171875,163.47999572753906
2022-11-11,3992.929931640625,164.55999755859375
2022-11-14,3957.25,164.9199981689453
2022-11-15,3991.72998046875,165.5
2022-11-16,3958.7900390625,165.1199951171875
2022-11-17,3946.56005859375,163.9199981689453
2022-11-18,3965.340087890625,162.7899932861328
2022-11-21,3949.93994140625,161.8800048828125
2022-11-22,4003.580078125,162.07000732421875
2022-11-23,4027.260009765625,163.0800018310547
2022-11-25,4026.1201171875,163.22000122070312
2022-11-28,3963.93994140625,161.92999267578125
2022-11-29,3957.6298828125,162.72999572753906
2022-11-30,4080.110107421875,164.80999755859375
2022-12-01,4076.570068359375,167.83999633789062
2022-12-02,4071.699951171875,167.25999450683594
2022-12-05,3998.840087890625,164.38999938964844
2022-12-06,3941.260009765625,164.83999633789062
2022-12-07,3933.919921875,166.3300018310547
2022-12-08,3963.510009765625,166.47000122070312
2022-12-09,3934.3798828125,167.05999755859375
2022-12-12,3990.56005859375,165.67999267578125
2022-12-13,4019.64990234375,168.50999450683594
2022-12-14,3995.320068359375,168.10000610351562
2022-12-15,3895.75,165.35000610351562
2022-12-16,3852.360107421875,166.7899932861328
2022-12-19,3817.659912109375,166.32000732421875
2022-12-20,3821.6201171875,169.0800018310547
2022-12-21,3878.43994140625,168.8000030517578
2022-12-22,3822.389892578125,166.75999450683594
2022-12-23,3844.820068359375,167.25999450683594
2022-12-27,3829.25,168.6699981689453
2022-12-28,3783.219970703125,167.91000366210938
2022-12-29,3849.280029296875,168.85000610351562
2022-12-30,3839.5,169.63999938964844
2023-01-03,3824.139892578125,171.05999755859375
2023-01-04,3852.969970703125,172.6699981689453
2023-01-05,3808.10009765625,170.52000427246094
2023-01-06,3895.080078125,173.7100067138672
2023-01-09,3892.090087890625,174.10000610351562
2023-01-10,3919.25,174.74000549316406
2023-01-11,3969.610107421875,174.6199951171875
2023-01-12,3983.169921875,176.63999938964844
2023-01-13,3999.090087890625,178.75999450683594
2023-01-17,3990.969970703125,177.58999633789062
2023-01-18,3928.860107421875,177.0800018310547
2023-01-19,3898.85009765625,179.88999938964844
2023-01-20,3972.610107421875,179.2899932861328
2023-01-23,4019.81005859375,179.6300048828125
2023-01-24,4016.949951171875,180.27999877929688
2023-01-25,4016.219970703125,181.11000061035156
2023-01-26,4060.429931640625,179.47000122070312
2023-01-27,4070.56005859375,179.22000122070312
2023-01-30,4017.77001953125,178.75999450683594
2023-01-31,4076.60009765625,179.41000366210938
2023-02-01,4119.2099609375,181.6699981689453
2023-02-02,4179.759765625,177.89999389648438
2023-02-03,4136.47998046875,173.4600067138672
2023-02-06,4111.080078125,173.82000732421875
2023-02-07,4164.0,173.97999572753906
2023-02-08,4117.85986328125,174.41000366210938
2023-02-09,4081.5,173.02999877929688
2023-02-10,4090.4599609375,173.36000061035156
2023-02-13,4137.2900390625,172.47999572753906
2023-02-14,4136.1298828125,172.61000061035156
2023-02-15,4147.60009765625,170.88999938964844
2023-02-16,4090.409912109375,170.75
2023-02-17,4079.090087890625,171.25999450683594
2023-02-21,3997.340087890625,170.6199951171875
2023-02-22,3991.050048828125,169.66000366210938
2023-02-23,4012.320068359375,169.57000732421875
2023-02-24,3970.0400390625,168.35000610351562
2023-02-27,3982.239990234375,169.00999450683594
2023-02-28,3970.14990234375,169.77999877929688
2023-03-01,3951.389892578125,170.75999450683594
2023-03-02,3981.35009765625,170.66000366210938
2023-03-03,4045.639892578125,172.49000549316406
2023-03-06,4048.419921875,171.6199951171875
2023-03-07,3986.3701171875,168.6199951171875
2023-03-08,3992.010009765625,168.5399932861328
2023-03-09,3918.320068359375,170.1999969482422
2023-03-10,3861.590087890625,173.8699951171875
2023-03-13,3855.760009765625,177.86000061035156
2023-03-14,3919.2900390625,176.8300018310547
2023-03-15,3891.929931640625,178.2100067138672
2023-03-16,3960.280029296875,178.57000732421875
2023-03-17,3916.639892578125,183.77000427246094
2023-03-20,3951.570068359375,183.83999633789062
2023-03-21,4002.8701171875,180.3699951171875
2023-03-22,3936.969970703125,183.44000244140625
2023-03-23,3948.719970703125,185.74000549316406
2023-03-24,3970.989990234375,183.64999389648438
2023-03-27,3977.530029296875,181.9499969482422
2023-03-28,3971.27001953125,183.44000244140625
2023-03-29,4027.81005859375,182.52999877929688
2023-03-30,4050.830078125,184.17999267578125
2023-03-31,4109.31005859375,183.22000122070312
2023-04-03,4124.509765625,184.5399932861328
2023-04-04,4100.60009765625,187.97999572753906
2023-04-05,4090.3798828125,187.8300018310547
2023-04-06,4105.02001953125,186.49000549316406
2023-04-10,4109.10986328125,185.11000061035156
2023-04-11,4108.93994140625,186.27999877929688
2023-04-12,4091.949951171875,187.19000244140625
2023-04-13,4146.22021484375,189.72000122070312
2023-04-14,4137.64013671875,186.36000061035156
2023-04-17,4151.31982421875,185.52999877929688
2023-04-18,4154.8701171875,186.25
2023-04-19,4154.52001953125,185.36000061035156
2023-04-20,4129.7900390625,186.08999633789062
2023-04-21,4133.52001953125,184.25
2023-04-24,4137.0400390625,184.80999755859375
2023-04-25,4071.6298828125,185.75
2023-04-26,4055.989990234375,184.74000549316406
2023-04-27,4135.35009765625,184.75
2023-04-28,4169.47998046875,184.8000030517578
2023-05-01,4167.8701171875,183.97000122070312
2023-05-02,4119.580078125,187.52000427246094
2023-05-03,4090.75,189.11000061035156
2023-05-04,4061.219970703125,190.44000244140625
2023-05-05,4136.25,187.4600067138672
2023-05-08,4138.1201171875,187.69000244140625
2023-05-09,4119.169921875,189.02000427246094
2023-05-10,4137.64013671875,188.75
2023-05-11,4130.6201171875,187.1300048828125
2023-05-12,4124.080078125,186.80999755859375
2023-05-15,4136.27978515625,187.2100067138672
2023-05-16,4109.89990234375,184.8699951171875
2023-05-17,4158.77001953125,184.22999572753906
2023-05-18,4198.0498046875,181.83999633789062
2023-05-19,4191.97998046875,183.63999938964844
2023-05-22,4192.6298828125,183.2100067138672
2023-05-23,4145.580078125,183.42999267578125
2023-05-24,4115.240234375,181.9499969482422
2023-05-25,4151.27978515625,180.1999969482422
2023-05-26,4205.4501953125,180.9199981689453
2023-05-30,4205.52001953125,182.0399932861328
2023-05-31,4179.830078125,182.32000732421875
2023-06-01,4221.02001953125,183.75999450683594
2023-06-02,4282.3701171875,181.0500030517578
2023-06-05,4273.7900390625,182.13999938964844
2023-06-06,4283.85009765625,182.33999633789062
2023-06-07,4267.52001953125,180.14999389648438
2023-06-08,4293.93017578125,182.52999877929688
2023-06-09,4298.85986328125,182.0399932861328
2023-06-12,4338.93017578125,181.8800048828125
2023-06-13,4369.009765625,180.5399932861328
2023-06-14,4372.58984375,180.63999938964844
2023-06-15,4425.83984375,181.91000366210938
2023-06-16,4409.58984375,181.6300048828125
2023-06-20,4388.7099609375,179.75
2023-06-21,4365.68994140625,179.49000549316406
2023-06-22,4381.89013671875,177.7100067138672
2023-06-23,4348.330078125,178.1999969482422
2023-06-26,4328.81982421875,178.50999450683594
2023-06-27,4378.41015625,177.69000244140625
2023-06-28,4376.85986328125,177.27999877929688
2023-06-29,4396.43994140625,177.08999633789062
2023-06-30,4450.3798828125,178.27000427246094
2023-07-03,4455.58984375,178.47000122070312
2023-07-05,4446.81982421875,177.83999633789062
2023-07-06,4411.58984375,177.30999755859375
2023-07-07,4398.9501953125,178.63999938964844
2023-07-10,4409.52978515625,178.77999877929688
2023-07-11,4439.259765625,179.4499969482422
2023-07-12,4472.16015625,181.8800048828125
2023-07-13,4510.0400390625,182.00999450683594
2023-07-14,4505.419921875,181.42999267578125
2023-07-17,4522.7900390625,181.55999755859375
2023-07-18,4554.97998046875,183.63999938964844
2023-07-19,4565.72021484375,183.6699981689453
2023-07-20,4534.8701171875,182.74000549316406
2023-07-21,4536.33984375,182.17999267578125
2023-07-24,4554.64013671875,181.39999389648438
2023-07-25,4567.4599609375,182.41000366210938
2023-07-26,4566.75,183.3000030517578
2023-07-27,4537.41015625,180.4199981689453
2023-07-28,4582.22998046875,181.86000061035156
2023-07-31,4588.9599609375,182.35000610351562
2023-08-01,4576.72998046875,180.4600067138672
2023-08-02,4513.39013671875,179.60000610351562
2023-08-03,4501.89013671875,179.5399932861328
2023-08-04,4478.02978515625,180.19000244140625
2023-08-07,4518.43994140625,179.77999877929688
2023-08-08,4499.3798828125,178.63999938964844
2023-08-09,4467.7099609375,177.7899932861328
2023-08-10,4468.830078125,177.60000610351562
2023-08-11,4464.0498046875,177.60000610351562
2023-08-14,4489.72021484375,177.05999755859375
2023-08-15,4437.85986328125,176.58999633789062
2023-08-16,4404.330078125,175.57000732421875
2023-08-17,4370.35986328125,175.3000030517578
2023-08-18,4369.7099609375,175.3300018310547
2023-08-21,4399.77001953125,175.80999755859375
2023-08-22,4387.5498046875,176.10000610351562
2023-08-23,4436.009765625,177.88999938964844
2023-08-24,4376.31005859375,177.85000610351562
2023-08-25,4405.7099609375,177.6199951171875
2023-08-28,4433.31005859375,178.1300048828125
2023-08-29,4497.6298828125,179.8699951171875
2023-08-30,4514.8701171875,180.32000732421875
2023-08-31,4507.66015625,180.02000427246094
2023-09-01,4515.77001953125,180.11000061035156
2023-09-05,4496.830078125,178.63999938964844
2023-09-06,4465.47998046875,177.8300018310547
2023-09-07,4451.14013671875,178.02000427246094
2023-09-08,4457.490234375,178.0800018310547
2023-09-11,4487.4599609375,178.41000366210938
2023-09-12,4461.89990234375,177.49000549316406
2023-09-13,4467.43994140625,177.0800018310547
2023-09-14,4505.10009765625,177.1699981689453
2023-09-15,4450.31982421875,178.33999633789062
2023-09-18,4453.52978515625,179.38999938964844
2023-09-19,4443.9501953125,179.22000122070312
2023-09-20,4402.2001953125,179.35000610351562
2023-09-21,4330.0,178.0500030517578
2023-09-22,4320.06005859375,178.6199951171875
2023-09-25,4337.43994140625,177.6999969482422
2023-09-26,4273.52978515625,176.27999877929688
2023-09-27,4274.509765625,174.10000610351562
2023-09-28,4299.7001953125,173.22999572753906
2023-09-29,4288.0498046875,171.4499969482422
2023-10-02,4288.39013671875,169.64999389648438
2023-10-03,4229.4501953125,169.16000366210938
2023-10-04,4263.75,169.13999938964844
2023-10-05,4258.18994140625,168.8300018310547
2023-10-06,4308.5,169.6999969482422
2023-10-09,4335.66015625,172.82000732421875
2023-10-10,4358.240234375,172.52999877929688
2023-10-11,4376.9501953125,173.7899932861328
2023-10-12,4349.60986328125,173.25999450683594
2023-10-13,4327.77978515625,178.8300018310547
2023-10-16,4373.6298828125,177.9600067138672
2023-10-17,4373.2001953125,178.2899932861328
2023-10-18,4314.60009765625,180.8699951171875
2023-10-19,4278.0,183.08999633789062
2023-10-20,4224.16015625,183.58999633789062
2023-10-23,4217.0400390625,182.97000122070312
2023-10-24,4247.68017578125,182.9499969482422
2023-10-25,4186.77001953125,183.72000122070312
2023-10-26,4137.22998046875,184.00999450683594
2023-10-27,4117.3701171875,186.14999389648438
2023-10-30,4166.81982421875,185.10000610351562
2023-10-31,4193.7998046875,184.08999633789062
2023-11-01,4237.85986328125,183.50999450683594
2023-11-02,4317.77978515625,184.1199951171875
2023-11-03,4358.33984375,184.7899932861328
2023-11-06,4365.97998046875,183.35000610351562
2023-11-07,4378.3798828125,182.58999633789062
2023-11-08,4382.77978515625,180.77000427246094
2023-11-09,4347.35009765625,181.49000549316406
2023-11-10,4415.240234375,179.50999450683594
2023-11-13,4411.5498046875,180.50999450683594
2023-11-14,4495.7001953125,182.1199951171875
2023-11-15,4502.8798828125,181.63999938964844
2023-11-16,4508.240234375,183.69000244140625
2023-11-17,4514.02001953125,183.6699981689453
2023-11-20,4547.3798828125,183.3699951171875
2023-11-21,4538.18994140625,185.35000610351562
2023-11-22,4556.6201171875,184.55999755859375
2023-11-24,4559.33984375,185.52000427246094
2023-11-27,4550.43017578125,186.77000427246094
2023-11-28,4554.89013671875,189.25999450683594
2023-11-29,4550.580078125,189.5399932861328
2023-11-30,4567.7998046875,188.75
2023-12-01,4594.6298828125,192.00999450683594
2023-12-04,4569.77978515625,187.86000061035156
2023-12-05,4567.18017578125,187.14999389648438
2023-12-06,4549.33984375,187.83999633789062
2023-12-07,4585.58984375,188.14999389648438
2023-12-08,4604.3701171875,185.63999938964844
2023-12-11,4622.43994140625,183.58999633789062
2023-12-12,4643.7001953125,183.49000549316406
2023-12-13,4707.08984375,187.6300048828125
2023-12-14,4719.5498046875,188.72999572753906
2023-12-15,4719.18994140625,187.0
2023-12-18,4740.56005859375,187.85000610351562
2023-12-19,4768.3701171875,189.1300048828125
2023-12-20,4698.35009765625,188.10000610351562
2023-12-21,4746.75,189.42999267578125
2023-12-22,4754.6298828125,190.27000427246094
2023-12-26,4774.75,191.72000122070312
2023-12-27,4781.580078125,192.58999633789062
2023-12-28,4783.35009765625,191.47000122070312
2023-12-29,4769.830078125,191.1699981689453
